month,category,revenue
2016-09,Unknown,
2016-09,agro_industry_and_commerce,
2016-09,air_conditioning,
2016-09,art,
2016-09,arts_and_craftmanship,
2016-09,audio,
2016-09,auto,
2016-09,baby,
2016-09,bed_bath_table,
2016-09,books_general_interest,
2016-09,books_imported,
2016-09,books_technical,
2016-09,cds_dvds_musicals,
2016-09,christmas_supplies,
2016-09,cine_photo,
2016-09,computers,
2016-09,computers_accessories,
2016-09,consoles_games,
2016-09,construction_tools_construction,
2016-09,construction_tools_lights,
2016-09,construction_tools_safety,
2016-09,cool_stuff,
2016-09,costruction_tools_garden,
2016-09,costruction_tools_tools,
2016-09,diapers_and_hygiene,
2016-09,drinks,
2016-09,dvds_blu_ray,
2016-09,electronics,
2016-09,fashio_female_clothing,
2016-09,fashion_bags_accessories,
2016-09,fashion_childrens_clothes,
2016-09,fashion_male_clothing,
2016-09,fashion_shoes,
2016-09,fashion_sport,
2016-09,fashion_underwear_beach,
2016-09,fixed_telephony,
2016-09,flowers,
2016-09,food,
2016-09,food_drink,
2016-09,furniture_bedroom,
2016-09,furniture_decor,72.89
2016-09,furniture_living_room,
2016-09,furniture_mattress_and_upholstery,
2016-09,garden_tools,
2016-09,health_beauty,134.97
2016-09,home_appliances,
2016-09,home_appliances_2,
2016-09,home_comfort_2,
2016-09,home_confort,
2016-09,home_construction,
2016-09,housewares,
2016-09,industry_commerce_and_business,
2016-09,kitchen_dining_laundry_garden_furniture,
2016-09,la_cuisine,
2016-09,luggage_accessories,
2016-09,market_place,
2016-09,music,
2016-09,musical_instruments,
2016-09,office_furniture,
2016-09,party_supplies,
2016-09,pc_gamer,
2016-09,perfumery,
2016-09,pet_shop,
2016-09,portateis_cozinha_e_preparadores_de_alimentos,
2016-09,security_and_services,
2016-09,signaling_and_security,
2016-09,small_appliances,
2016-09,small_appliances_home_oven_and_coffee,
2016-09,sports_leisure,
2016-09,stationery,
2016-09,tablets_printing_image,
2016-09,telephony,59.5
2016-09,toys,
2016-09,watches_gifts,
2016-10,Unknown,65.89
2016-10,agro_industry_and_commerce,
2016-10,air_conditioning,1707.09
2016-10,art,
2016-10,arts_and_craftmanship,
2016-10,audio,156.99
2016-10,auto,1833.25
2016-10,baby,1630.16
2016-10,bed_bath_table,478.99
2016-10,books_general_interest,119.5
2016-10,books_imported,
2016-10,books_technical,267.0
2016-10,cds_dvds_musicals,
2016-10,christmas_supplies,
2016-10,cine_photo,
2016-10,computers,
2016-10,computers_accessories,1399.32
2016-10,consoles_games,3882.26
2016-10,construction_tools_construction,
2016-10,construction_tools_lights,
2016-10,construction_tools_safety,
2016-10,cool_stuff,1111.0
2016-10,costruction_tools_garden,
2016-10,costruction_tools_tools,
2016-10,diapers_and_hygiene,134.9
2016-10,drinks,
2016-10,dvds_blu_ray,
2016-10,electronics,1306.99
2016-10,fashio_female_clothing,54.9
2016-10,fashion_bags_accessories,508.3
2016-10,fashion_childrens_clothes,
2016-10,fashion_male_clothing,24.9
2016-10,fashion_shoes,29.99
2016-10,fashion_sport,
2016-10,fashion_underwear_beach,
2016-10,fixed_telephony,704.88
2016-10,flowers,
2016-10,food,79.9
2016-10,food_drink,
2016-10,furniture_bedroom,
2016-10,furniture_decor,5807.89
2016-10,furniture_living_room,
2016-10,furniture_mattress_and_upholstery,
2016-10,garden_tools,1359.88
2016-10,health_beauty,4552.51
2016-10,home_appliances,
2016-10,home_appliances_2,
2016-10,home_comfort_2,
2016-10,home_confort,
2016-10,home_construction,
2016-10,housewares,1287.07
2016-10,industry_commerce_and_business,359.6
2016-10,kitchen_dining_laundry_garden_furniture,
2016-10,la_cuisine,
2016-10,luggage_accessories,
2016-10,market_place,1306.19
2016-10,music,
2016-10,musical_instruments,
2016-10,office_furniture,1300.88
2016-10,party_supplies,
2016-10,pc_gamer,
2016-10,perfumery,5688.7
2016-10,pet_shop,689.68
2016-10,portateis_cozinha_e_preparadores_de_alimentos,
2016-10,security_and_services,
2016-10,signaling_and_security,
2016-10,small_appliances,
2016-10,small_appliances_home_oven_and_coffee,
2016-10,sports_leisure,3333.64
2016-10,stationery,
2016-10,tablets_printing_image,
2016-10,telephony,500.08
2016-10,toys,4465.09
2016-10,watches_gifts,3360.24
2016-11,Unknown,
2016-11,agro_industry_and_commerce,
2016-11,air_conditioning,
2016-11,art,
2016-11,arts_and_craftmanship,
2016-11,audio,
2016-11,auto,
2016-11,baby,
2016-11,bed_bath_table,
2016-11,books_general_interest,
2016-11,books_imported,
2016-11,books_technical,
2016-11,cds_dvds_musicals,
2016-11,christmas_supplies,
2016-11,cine_photo,
2016-11,computers,
2016-11,computers_accessories,
2016-11,consoles_games,
2016-11,construction_tools_construction,
2016-11,construction_tools_lights,
2016-11,construction_tools_safety,
2016-11,cool_stuff,
2016-11,costruction_tools_garden,
2016-11,costruction_tools_tools,
2016-11,diapers_and_hygiene,
2016-11,drinks,
2016-11,dvds_blu_ray,
2016-11,electronics,
2016-11,fashio_female_clothing,
2016-11,fashion_bags_accessories,
2016-11,fashion_childrens_clothes,
2016-11,fashion_male_clothing,
2016-11,fashion_shoes,
2016-11,fashion_sport,
2016-11,fashion_underwear_beach,
2016-11,fixed_telephony,
2016-11,flowers,
2016-11,food,
2016-11,food_drink,
2016-11,furniture_bedroom,
2016-11,furniture_decor,
2016-11,furniture_living_room,
2016-11,furniture_mattress_and_upholstery,
2016-11,garden_tools,
2016-11,health_beauty,
2016-11,home_appliances,
2016-11,home_appliances_2,
2016-11,home_comfort_2,
2016-11,home_confort,
2016-11,home_construction,
2016-11,housewares,
2016-11,industry_commerce_and_business,
2016-11,kitchen_dining_laundry_garden_furniture,
2016-11,la_cuisine,
2016-11,luggage_accessories,
2016-11,market_place,
2016-11,music,
2016-11,musical_instruments,
2016-11,office_furniture,
2016-11,party_supplies,
2016-11,pc_gamer,
2016-11,perfumery,
2016-11,pet_shop,
2016-11,portateis_cozinha_e_preparadores_de_alimentos,
2016-11,security_and_services,
2016-11,signaling_and_security,
2016-11,small_appliances,
2016-11,small_appliances_home_oven_and_coffee,
2016-11,sports_leisure,
2016-11,stationery,
2016-11,tablets_printing_image,
2016-11,telephony,
2016-11,toys,
2016-11,watches_gifts,
2016-12,Unknown,
2016-12,agro_industry_and_commerce,
2016-12,air_conditioning,
2016-12,art,
2016-12,arts_and_craftmanship,
2016-12,audio,
2016-12,auto,
2016-12,baby,
2016-12,bed_bath_table,
2016-12,books_general_interest,
2016-12,books_imported,
2016-12,books_technical,
2016-12,cds_dvds_musicals,
2016-12,christmas_supplies,
2016-12,cine_photo,
2016-12,computers,
2016-12,computers_accessories,
2016-12,consoles_games,
2016-12,construction_tools_construction,
2016-12,construction_tools_lights,
2016-12,construction_tools_safety,
2016-12,cool_stuff,
2016-12,costruction_tools_garden,
2016-12,costruction_tools_tools,
2016-12,diapers_and_hygiene,
2016-12,drinks,
2016-12,dvds_blu_ray,
2016-12,electronics,
2016-12,fashio_female_clothing,
2016-12,fashion_bags_accessories,10.9
2016-12,fashion_childrens_clothes,
2016-12,fashion_male_clothing,
2016-12,fashion_shoes,
2016-12,fashion_sport,
2016-12,fashion_underwear_beach,
2016-12,fixed_telephony,
2016-12,flowers,
2016-12,food,
2016-12,food_drink,
2016-12,furniture_bedroom,
2016-12,furniture_decor,
2016-12,furniture_living_room,
2016-12,furniture_mattress_and_upholstery,
2016-12,garden_tools,
2016-12,health_beauty,
2016-12,home_appliances,
2016-12,home_appliances_2,
2016-12,home_comfort_2,
2016-12,home_confort,
2016-12,home_construction,
2016-12,housewares,
2016-12,industry_commerce_and_business,
2016-12,kitchen_dining_laundry_garden_furniture,
2016-12,la_cuisine,
2016-12,luggage_accessories,
2016-12,market_place,
2016-12,music,
2016-12,musical_instruments,
2016-12,office_furniture,
2016-12,party_supplies,
2016-12,pc_gamer,
2016-12,perfumery,
2016-12,pet_shop,
2016-12,portateis_cozinha_e_preparadores_de_alimentos,
2016-12,security_and_services,
2016-12,signaling_and_security,
2016-12,small_appliances,
2016-12,small_appliances_home_oven_and_coffee,
2016-12,sports_leisure,
2016-12,stationery,
2016-12,tablets_printing_image,
2016-12,telephony,
2016-12,toys,
2016-12,watches_gifts,
2017-01,Unknown,1702.64
2017-01,agro_industry_and_commerce,65.97
2017-01,air_conditioning,663.7
2017-01,art,
2017-01,arts_and_craftmanship,
2017-01,audio,
2017-01,auto,5218.53
2017-01,baby,6397.87
2017-01,bed_bath_table,3960.16
2017-01,books_general_interest,234.89
2017-01,books_imported,
2017-01,books_technical,
2017-01,cds_dvds_musicals,
2017-01,christmas_supplies,
2017-01,cine_photo,
2017-01,computers,2199.99
2017-01,computers_accessories,3924.14
2017-01,consoles_games,5954.2
2017-01,construction_tools_construction,310.0
2017-01,construction_tools_lights,
2017-01,construction_tools_safety,
2017-01,cool_stuff,7784.87
2017-01,costruction_tools_garden,
2017-01,costruction_tools_tools,
2017-01,diapers_and_hygiene,
2017-01,drinks,
2017-01,dvds_blu_ray,29.8
2017-01,electronics,617.0
2017-01,fashio_female_clothing,77.3
2017-01,fashion_bags_accessories,1671.97
2017-01,fashion_childrens_clothes,
2017-01,fashion_male_clothing,126.9
2017-01,fashion_shoes,34.9
2017-01,fashion_sport,
2017-01,fashion_underwear_beach,137.25
2017-01,fixed_telephony,677.12
2017-01,flowers,
2017-01,food,42.82
2017-01,food_drink,
2017-01,furniture_bedroom,73.2
2017-01,furniture_decor,13521.31
2017-01,furniture_living_room,1241.9
2017-01,furniture_mattress_and_upholstery,
2017-01,garden_tools,8152.75
2017-01,health_beauty,12561.32
2017-01,home_appliances,
2017-01,home_appliances_2,2126.68
2017-01,home_comfort_2,72.8
2017-01,home_confort,
2017-01,home_construction,
2017-01,housewares,2827.58
2017-01,industry_commerce_and_business,
2017-01,kitchen_dining_laundry_garden_furniture,110.0
2017-01,la_cuisine,
2017-01,luggage_accessories,492.5
2017-01,market_place,447.04
2017-01,music,19.8
2017-01,musical_instruments,339.74
2017-01,office_furniture,1444.35
2017-01,party_supplies,
2017-01,pc_gamer,
2017-01,perfumery,5112.6
2017-01,pet_shop,967.12
2017-01,portateis_cozinha_e_preparadores_de_alimentos,
2017-01,security_and_services,183.29
2017-01,signaling_and_security,
2017-01,small_appliances,1660.79
2017-01,small_appliances_home_oven_and_coffee,
2017-01,sports_leisure,9717.62
2017-01,stationery,1561.99
2017-01,tablets_printing_image,
2017-01,telephony,2945.86
2017-01,toys,4814.09
2017-01,watches_gifts,8086.52
2017-02,Unknown,9034.1
2017-02,agro_industry_and_commerce,224.84
2017-02,air_conditioning,3095.3
2017-02,art,
2017-02,arts_and_craftmanship,
2017-02,audio,163.8
2017-02,auto,13162.4
2017-02,baby,3048.48
2017-02,bed_bath_table,16282.73
2017-02,books_general_interest,772.71
2017-02,books_imported,99.0
2017-02,books_technical,159.0
2017-02,cds_dvds_musicals,
2017-02,christmas_supplies,
2017-02,cine_photo,59.0
2017-02,computers,3549.0
2017-02,computers_accessories,11972.59
2017-02,consoles_games,4294.77
2017-02,construction_tools_construction,336.79
2017-02,construction_tools_lights,
2017-02,construction_tools_safety,379.0
2017-02,cool_stuff,13323.6
2017-02,costruction_tools_garden,579.98
2017-02,costruction_tools_tools,
2017-02,diapers_and_hygiene,
2017-02,drinks,
2017-02,dvds_blu_ray,14.9
2017-02,electronics,1218.85
2017-02,fashio_female_clothing,457.8
2017-02,fashion_bags_accessories,2374.11
2017-02,fashion_childrens_clothes,
2017-02,fashion_male_clothing,642.85
2017-02,fashion_shoes,107.05
2017-02,fashion_sport,
2017-02,fashion_underwear_beach,396.97
2017-02,fixed_telephony,759.23
2017-02,flowers,
2017-02,food,715.63
2017-02,food_drink,
2017-02,furniture_bedroom,450.0
2017-02,furniture_decor,20986.1
2017-02,furniture_living_room,3791.63
2017-02,furniture_mattress_and_upholstery,
2017-02,garden_tools,13144.61
2017-02,health_beauty,22838.79
2017-02,home_appliances,740.9
2017-02,home_appliances_2,15.99
2017-02,home_comfort_2,
2017-02,home_confort,414.66
2017-02,home_construction,695.6
2017-02,housewares,12659.67
2017-02,industry_commerce_and_business,119.0
2017-02,kitchen_dining_laundry_garden_furniture,139.9
2017-02,la_cuisine,
2017-02,luggage_accessories,1694.18
2017-02,market_place,1688.22
2017-02,music,
2017-02,musical_instruments,2221.28
2017-02,office_furniture,11805.98
2017-02,party_supplies,
2017-02,pc_gamer,
2017-02,perfumery,8127.18
2017-02,pet_shop,3729.07
2017-02,portateis_cozinha_e_preparadores_de_alimentos,
2017-02,security_and_services,
2017-02,signaling_and_security,
2017-02,small_appliances,7251.58
2017-02,small_appliances_home_oven_and_coffee,
2017-02,sports_leisure,16372.16
2017-02,stationery,2341.4
2017-02,tablets_printing_image,792.0
2017-02,telephony,6899.09
2017-02,toys,9403.34
2017-02,watches_gifts,11756.21
2017-03,Unknown,6714.17
2017-03,agro_industry_and_commerce,81.99
2017-03,air_conditioning,4103.81
2017-03,art,223.25
2017-03,arts_and_craftmanship,
2017-03,audio,1134.77
2017-03,auto,14482.07
2017-03,baby,3724.08
2017-03,bed_bath_table,25773.02
2017-03,books_general_interest,2648.96
2017-03,books_imported,
2017-03,books_technical,75.0
2017-03,cds_dvds_musicals,
2017-03,christmas_supplies,
2017-03,cine_photo,
2017-03,computers,
2017-03,computers_accessories,28624.6
2017-03,consoles_games,10768.84
2017-03,construction_tools_construction,773.4
2017-03,construction_tools_lights,
2017-03,construction_tools_safety,380.0
2017-03,cool_stuff,21095.21
2017-03,costruction_tools_garden,
2017-03,costruction_tools_tools,
2017-03,diapers_and_hygiene,
2017-03,drinks,463.87
2017-03,dvds_blu_ray,1873.7
2017-03,electronics,3986.0
2017-03,fashio_female_clothing,19.9
2017-03,fashion_bags_accessories,4861.16
2017-03,fashion_childrens_clothes,
2017-03,fashion_male_clothing,580.8
2017-03,fashion_shoes,1515.0
2017-03,fashion_sport,39.9
2017-03,fashion_underwear_beach,394.14
2017-03,fixed_telephony,1592.35
2017-03,flowers,
2017-03,food,2667.56
2017-03,food_drink,110.8
2017-03,furniture_bedroom,
2017-03,furniture_decor,23477.63
2017-03,furniture_living_room,3324.0
2017-03,furniture_mattress_and_upholstery,
2017-03,garden_tools,23747.15
2017-03,health_beauty,25995.25
2017-03,home_appliances,313.3
2017-03,home_appliances_2,500.9
2017-03,home_comfort_2,342.88
2017-03,home_confort,2123.4
2017-03,home_construction,591.96
2017-03,housewares,13511.81
2017-03,industry_commerce_and_business,238.0
2017-03,kitchen_dining_laundry_garden_furniture,113.98
2017-03,la_cuisine,
2017-03,luggage_accessories,5924.01
2017-03,market_place,1808.59
2017-03,music,27.99
2017-03,musical_instruments,1667.33
2017-03,office_furniture,11783.51
2017-03,party_supplies,
2017-03,pc_gamer,
2017-03,perfumery,19808.13
2017-03,pet_shop,8369.96
2017-03,portateis_cozinha_e_preparadores_de_alimentos,
2017-03,security_and_services,
2017-03,signaling_and_security,75.0
2017-03,small_appliances,11171.06
2017-03,small_appliances_home_oven_and_coffee,
2017-03,sports_leisure,27001.59
2017-03,stationery,5902.62
2017-03,tablets_printing_image,495.0
2017-03,telephony,8121.05
2017-03,toys,12429.47
2017-03,watches_gifts,26770.38
2017-04,Unknown,8693.09
2017-04,agro_industry_and_commerce,
2017-04,air_conditioning,2582.23
2017-04,art,119.9
2017-04,arts_and_craftmanship,
2017-04,audio,942.2
2017-04,auto,15548.17
2017-04,baby,3980.45
2017-04,bed_bath_table,24347.69
2017-04,books_general_interest,923.38
2017-04,books_imported,19.99
2017-04,books_technical,75.0
2017-04,cds_dvds_musicals,
2017-04,christmas_supplies,69.0
2017-04,cine_photo,118.0
2017-04,computers,
2017-04,computers_accessories,20691.06
2017-04,consoles_games,3772.88
2017-04,construction_tools_construction,
2017-04,construction_tools_lights,
2017-04,construction_tools_safety,
2017-04,cool_stuff,21822.08
2017-04,costruction_tools_garden,1490.21
2017-04,costruction_tools_tools,729.0
2017-04,diapers_and_hygiene,
2017-04,drinks,199.93
2017-04,dvds_blu_ray,1434.9
2017-04,electronics,4822.24
2017-04,fashio_female_clothing,64.9
2017-04,fashion_bags_accessories,3219.8
2017-04,fashion_childrens_clothes,
2017-04,fashion_male_clothing,416.69
2017-04,fashion_shoes,1526.5
2017-04,fashion_sport,189.78
2017-04,fashion_underwear_beach,98.79
2017-04,fixed_telephony,2998.33
2017-04,flowers,
2017-04,food,491.3
2017-04,food_drink,47.9
2017-04,furniture_bedroom,858.96
2017-04,furniture_decor,21690.42
2017-04,furniture_living_room,2073.34
2017-04,furniture_mattress_and_upholstery,109.4
2017-04,garden_tools,20809.28
2017-04,health_beauty,22935.75
2017-04,home_appliances,499.4
2017-04,home_appliances_2,799.8
2017-04,home_comfort_2,12.9
2017-04,home_confort,2411.1
2017-04,home_construction,1602.69
2017-04,housewares,15028.84
2017-04,industry_commerce_and_business,
2017-04,kitchen_dining_laundry_garden_furniture,1033.4
2017-04,la_cuisine,24.0
2017-04,luggage_accessories,7150.2
2017-04,market_place,4090.18
2017-04,music,59.8
2017-04,musical_instruments,3818.43
2017-04,office_furniture,9411.3
2017-04,party_supplies,
2017-04,pc_gamer,259.98
2017-04,perfumery,19891.11
2017-04,pet_shop,6182.89
2017-04,portateis_cozinha_e_preparadores_de_alimentos,
2017-04,security_and_services,
2017-04,signaling_and_security,128.06
2017-04,small_appliances,23253.98
2017-04,small_appliances_home_oven_and_coffee,
2017-04,sports_leisure,24864.33
2017-04,stationery,4606.34
2017-04,tablets_printing_image,1112.88
2017-04,telephony,7245.87
2017-04,toys,13039.43
2017-04,watches_gifts,23487.78
2017-05,Unknown,10961.94
2017-05,agro_industry_and_commerce,1579.94
2017-05,air_conditioning,1016.77
2017-05,art,6967.65
2017-05,arts_and_craftmanship,21.99
2017-05,audio,2081.18
2017-05,auto,18640.03
2017-05,baby,9849.51
2017-05,bed_bath_table,33346.45
2017-05,books_general_interest,1841.57
2017-05,books_imported,
2017-05,books_technical,262.0
2017-05,cds_dvds_musicals,
2017-05,christmas_supplies,
2017-05,cine_photo,59.0
2017-05,computers,
2017-05,computers_accessories,45634.78
2017-05,consoles_games,2507.2
2017-05,construction_tools_construction,99.99
2017-05,construction_tools_lights,
2017-05,construction_tools_safety,
2017-05,cool_stuff,33696.47
2017-05,costruction_tools_garden,1577.24
2017-05,costruction_tools_tools,803.9
2017-05,diapers_and_hygiene,
2017-05,drinks,90.0
2017-05,dvds_blu_ray,89.6
2017-05,electronics,6709.11
2017-05,fashio_female_clothing,422.4
2017-05,fashion_bags_accessories,7498.67
2017-05,fashion_childrens_clothes,110.0
2017-05,fashion_male_clothing,608.9
2017-05,fashion_shoes,1669.54
2017-05,fashion_sport,124.84
2017-05,fashion_underwear_beach,283.5
2017-05,fixed_telephony,462.33
2017-05,flowers,
2017-05,food,387.9
2017-05,food_drink,416.29
2017-05,furniture_bedroom,2369.97
2017-05,furniture_decor,24028.51
2017-05,furniture_living_room,4929.43
2017-05,furniture_mattress_and_upholstery,595.89
2017-05,garden_tools,20693.46
2017-05,health_beauty,46786.02
2017-05,home_appliances,1912.79
2017-05,home_appliances_2,3093.04
2017-05,home_comfort_2,
2017-05,home_confort,5293.87
2017-05,home_construction,1620.5
2017-05,housewares,21726.48
2017-05,industry_commerce_and_business,519.8
2017-05,kitchen_dining_laundry_garden_furniture,1304.48
2017-05,la_cuisine,193.0
2017-05,luggage_accessories,12539.62
2017-05,market_place,2476.98
2017-05,music,
2017-05,musical_instruments,10019.43
2017-05,office_furniture,8403.43
2017-05,party_supplies,
2017-05,pc_gamer,129.99
2017-05,perfumery,20119.04
2017-05,pet_shop,8151.02
2017-05,portateis_cozinha_e_preparadores_de_alimentos,
2017-05,security_and_services,
2017-05,signaling_and_security,508.85
2017-05,small_appliances,5241.44
2017-05,small_appliances_home_oven_and_coffee,
2017-05,sports_leisure,36163.5
2017-05,stationery,6049.98
2017-05,tablets_printing_image,1514.98
2017-05,telephony,9264.1
2017-05,toys,22626.95
2017-05,watches_gifts,37973.9
2017-06,Unknown,5527.79
2017-06,agro_industry_and_commerce,1390.0
2017-06,air_conditioning,2084.48
2017-06,art,421.7
2017-06,arts_and_craftmanship,
2017-06,audio,1671.0
2017-06,auto,31370.69
2017-06,baby,7864.74
2017-06,bed_bath_table,35114.81
2017-06,books_general_interest,1940.08
2017-06,books_imported,99.0
2017-06,books_technical,145.9
2017-06,cds_dvds_musicals,
2017-06,christmas_supplies,184.7
2017-06,cine_photo,79.0
2017-06,computers,
2017-06,computers_accessories,37007.08
2017-06,consoles_games,5389.02
2017-06,construction_tools_construction,376.37
2017-06,construction_tools_lights,
2017-06,construction_tools_safety,
2017-06,cool_stuff,38244.5
2017-06,costruction_tools_garden,434.69
2017-06,costruction_tools_tools,
2017-06,diapers_and_hygiene,
2017-06,drinks,49.99
2017-06,dvds_blu_ray,126.69
2017-06,electronics,2100.04
2017-06,fashio_female_clothing,154.8
2017-06,fashion_bags_accessories,6831.03
2017-06,fashion_childrens_clothes,110.0
2017-06,fashion_male_clothing,569.69
2017-06,fashion_shoes,1351.2
2017-06,fashion_sport,495.49
2017-06,fashion_underwear_beach,3.9
2017-06,fixed_telephony,933.67
2017-06,flowers,
2017-06,food,149.9
2017-06,food_drink,57.4
2017-06,furniture_bedroom,308.99
2017-06,furniture_decor,16943.58
2017-06,furniture_living_room,1713.3
2017-06,furniture_mattress_and_upholstery,
2017-06,garden_tools,15851.17
2017-06,health_beauty,32029.39
2017-06,home_appliances,2507.19
2017-06,home_appliances_2,1213.87
2017-06,home_comfort_2,12.9
2017-06,home_confort,3056.19
2017-06,home_construction,1992.3
2017-06,housewares,23623.71
2017-06,industry_commerce_and_business,276.97
2017-06,kitchen_dining_laundry_garden_furniture,374.8
2017-06,la_cuisine,
2017-06,luggage_accessories,8232.09
2017-06,market_place,1258.95
2017-06,music,1066.9
2017-06,musical_instruments,4993.05
2017-06,office_furniture,7279.13
2017-06,party_supplies,
2017-06,pc_gamer,129.99
2017-06,perfumery,24438.1
2017-06,pet_shop,5243.57
2017-06,portateis_cozinha_e_preparadores_de_alimentos,
2017-06,security_and_services,
2017-06,signaling_and_security,273.9
2017-06,small_appliances,9698.81
2017-06,small_appliances_home_oven_and_coffee,71.9
2017-06,sports_leisure,32898.33
2017-06,stationery,3493.57
2017-06,tablets_printing_image,594.0
2017-06,telephony,6757.62
2017-06,toys,15476.35
2017-06,watches_gifts,28948.63
2017-07,Unknown,3124.66
2017-07,agro_industry_and_commerce,1180.0
2017-07,air_conditioning,1396.1
2017-07,art,386.75
2017-07,arts_and_craftmanship,129.9
2017-07,audio,771.69
2017-07,auto,14119.74
2017-07,baby,15941.11
2017-07,bed_bath_table,63888.75
2017-07,books_general_interest,1292.4
2017-07,books_imported,
2017-07,books_technical,528.0
2017-07,cds_dvds_musicals,225.0
2017-07,christmas_supplies,65.09
2017-07,cine_photo,
2017-07,computers,
2017-07,computers_accessories,38709.0
2017-07,consoles_games,5680.16
2017-07,construction_tools_construction,549.44
2017-07,construction_tools_lights,360.0
2017-07,construction_tools_safety,
2017-07,cool_stuff,37506.76
2017-07,costruction_tools_garden,347.58
2017-07,costruction_tools_tools,
2017-07,diapers_and_hygiene,
2017-07,drinks,273.97
2017-07,dvds_blu_ray,749.7
2017-07,electronics,7346.84
2017-07,fashio_female_clothing,310.7
2017-07,fashion_bags_accessories,5193.1
2017-07,fashion_childrens_clothes,
2017-07,fashion_male_clothing,719.99
2017-07,fashion_shoes,1423.01
2017-07,fashion_sport,69.9
2017-07,fashion_underwear_beach,274.8
2017-07,fixed_telephony,218.73
2017-07,flowers,
2017-07,food,584.16
2017-07,food_drink,168.2
2017-07,furniture_bedroom,1206.99
2017-07,furniture_decor,24751.92
2017-07,furniture_living_room,4395.12
2017-07,furniture_mattress_and_upholstery,109.4
2017-07,garden_tools,20067.05
2017-07,health_beauty,34896.86
2017-07,home_appliances,3671.99
2017-07,home_appliances_2,1033.99
2017-07,home_comfort_2,12.9
2017-07,home_confort,4563.85
2017-07,home_construction,93.6
2017-07,housewares,20874.3
2017-07,industry_commerce_and_business,245.96
2017-07,kitchen_dining_laundry_garden_furniture,1316.5
2017-07,la_cuisine,469.99
2017-07,luggage_accessories,8357.61
2017-07,market_place,1573.38
2017-07,music,329.0
2017-07,musical_instruments,8411.59
2017-07,office_furniture,16892.61
2017-07,party_supplies,69.9
2017-07,pc_gamer,
2017-07,perfumery,12910.02
2017-07,pet_shop,6605.87
2017-07,portateis_cozinha_e_preparadores_de_alimentos,
2017-07,security_and_services,
2017-07,signaling_and_security,530.19
2017-07,small_appliances,4621.36
2017-07,small_appliances_home_oven_and_coffee,
2017-07,sports_leisure,38813.41
2017-07,stationery,7091.75
2017-07,tablets_printing_image,198.0
2017-07,telephony,9064.86
2017-07,toys,24511.72
2017-07,watches_gifts,36804.56
2017-08,Unknown,5243.4
2017-08,agro_industry_and_commerce,88.0
2017-08,air_conditioning,4271.73
2017-08,art,244.7
2017-08,arts_and_craftmanship,
2017-08,audio,1050.7
2017-08,auto,20421.11
2017-08,baby,19982.13
2017-08,bed_bath_table,57137.23
2017-08,books_general_interest,3214.8
2017-08,books_imported,61.0
2017-08,books_technical,1196.38
2017-08,cds_dvds_musicals,135.0
2017-08,christmas_supplies,58.9
2017-08,cine_photo,
2017-08,computers,33700.0
2017-08,computers_accessories,35025.72
2017-08,consoles_games,8824.25
2017-08,construction_tools_construction,1180.0
2017-08,construction_tools_lights,589.0
2017-08,construction_tools_safety,8.9
2017-08,cool_stuff,41720.03
2017-08,costruction_tools_garden,1286.19
2017-08,costruction_tools_tools,
2017-08,diapers_and_hygiene,
2017-08,drinks,119.9
2017-08,dvds_blu_ray,113.4
2017-08,electronics,2854.15
2017-08,fashio_female_clothing,188.7
2017-08,fashion_bags_accessories,6617.68
2017-08,fashion_childrens_clothes,49.9
2017-08,fashion_male_clothing,1205.05
2017-08,fashion_shoes,1491.69
2017-08,fashion_sport,265.8
2017-08,fashion_underwear_beach,1111.0
2017-08,fixed_telephony,3343.54
2017-08,flowers,
2017-08,food,364.5
2017-08,food_drink,494.81
2017-08,furniture_bedroom,618.0
2017-08,furniture_decor,35511.73
2017-08,furniture_living_room,2478.07
2017-08,furniture_mattress_and_upholstery,509.39
2017-08,garden_tools,24269.4
2017-08,health_beauty,49873.9
2017-08,home_appliances,4587.05
2017-08,home_appliances_2,4004.55
2017-08,home_comfort_2,38.7
2017-08,home_confort,4000.19
2017-08,home_construction,124.8
2017-08,housewares,23733.94
2017-08,industry_commerce_and_business,956.9
2017-08,kitchen_dining_laundry_garden_furniture,1006.2
2017-08,la_cuisine,313.0
2017-08,luggage_accessories,6833.1
2017-08,market_place,1937.39
2017-08,music,
2017-08,musical_instruments,7185.55
2017-08,office_furniture,9877.36
2017-08,party_supplies,
2017-08,pc_gamer,
2017-08,perfumery,13142.09
2017-08,pet_shop,10500.79
2017-08,portateis_cozinha_e_preparadores_de_alimentos,
2017-08,security_and_services,
2017-08,signaling_and_security,377.8
2017-08,small_appliances,4297.01
2017-08,small_appliances_home_oven_and_coffee,109.06
2017-08,sports_leisure,41732.26
2017-08,stationery,6366.91
2017-08,tablets_printing_image,450.89
2017-08,telephony,10930.29
2017-08,toys,18126.87
2017-08,watches_gifts,36419.2
2017-09,Unknown,5904.14
2017-09,agro_industry_and_commerce,1993.99
2017-09,air_conditioning,1731.05
2017-09,art,388.54
2017-09,arts_and_craftmanship,
2017-09,audio,1042.59
2017-09,auto,14544.67
2017-09,baby,24366.3
2017-09,bed_bath_table,52473.2
2017-09,books_general_interest,965.14
2017-09,books_imported,290.0
2017-09,books_technical,1001.35
2017-09,cds_dvds_musicals,
2017-09,christmas_supplies,254.7
2017-09,cine_photo,69.0
2017-09,computers,52878.88
2017-09,computers_accessories,28930.98
2017-09,consoles_games,8910.37
2017-09,construction_tools_construction,1289.2
2017-09,construction_tools_lights,229.0
2017-09,construction_tools_safety,1124.54
2017-09,cool_stuff,38210.34
2017-09,costruction_tools_garden,297.5
2017-09,costruction_tools_tools,916.89
2017-09,diapers_and_hygiene,
2017-09,drinks,327.97
2017-09,dvds_blu_ray,39.8
2017-09,electronics,4338.96
2017-09,fashio_female_clothing,355.7
2017-09,fashion_bags_accessories,11948.22
2017-09,fashion_childrens_clothes,89.99
2017-09,fashion_male_clothing,1177.5
2017-09,fashion_shoes,1179.6
2017-09,fashion_sport,384.6
2017-09,fashion_underwear_beach,1789.7
2017-09,fixed_telephony,13692.91
2017-09,flowers,
2017-09,food,992.92
2017-09,food_drink,310.86
2017-09,furniture_bedroom,709.6
2017-09,furniture_decor,30838.69
2017-09,furniture_living_room,1275.87
2017-09,furniture_mattress_and_upholstery,86.5
2017-09,garden_tools,22507.23
2017-09,health_beauty,51537.65
2017-09,home_appliances,1820.19
2017-09,home_appliances_2,1627.8
2017-09,home_comfort_2,12.9
2017-09,home_confort,4592.34
2017-09,home_construction,1357.81
2017-09,housewares,20313.26
2017-09,industry_commerce_and_business,219.98
2017-09,kitchen_dining_laundry_garden_furniture,464.09
2017-09,la_cuisine,
2017-09,luggage_accessories,3885.38
2017-09,market_place,1147.21
2017-09,music,
2017-09,musical_instruments,9034.97
2017-09,office_furniture,9208.65
2017-09,party_supplies,269.8
2017-09,pc_gamer,
2017-09,perfumery,14744.87
2017-09,pet_shop,8534.92
2017-09,portateis_cozinha_e_preparadores_de_alimentos,
2017-09,security_and_services,100.0
2017-09,signaling_and_security,438.4
2017-09,small_appliances,10965.63
2017-09,small_appliances_home_oven_and_coffee,640.99
2017-09,sports_leisure,50167.48
2017-09,stationery,6130.41
2017-09,tablets_printing_image,233.9
2017-09,telephony,18559.25
2017-09,toys,31399.22
2017-09,watches_gifts,47135.6
2017-10,Unknown,18800.48
2017-10,agro_industry_and_commerce,3350.28
2017-10,air_conditioning,2562.42
2017-10,art,349.05
2017-10,arts_and_craftmanship,
2017-10,audio,2348.48
2017-10,auto,21505.28
2017-10,baby,16497.5
2017-10,bed_bath_table,46198.0
2017-10,books_general_interest,734.5
2017-10,books_imported,
2017-10,books_technical,880.0
2017-10,cds_dvds_musicals,45.0
2017-10,christmas_supplies,388.05
2017-10,cine_photo,69.0
2017-10,computers,40393.92
2017-10,computers_accessories,44022.09
2017-10,consoles_games,10608.87
2017-10,construction_tools_construction,2576.18
2017-10,construction_tools_lights,500.0
2017-10,construction_tools_safety,1668.85
2017-10,cool_stuff,44910.01
2017-10,costruction_tools_garden,746.9
2017-10,costruction_tools_tools,1018.6
2017-10,diapers_and_hygiene,
2017-10,drinks,596.98
2017-10,dvds_blu_ray,194.5
2017-10,electronics,3454.32
2017-10,fashio_female_clothing,
2017-10,fashion_bags_accessories,7906.06
2017-10,fashion_childrens_clothes,39.99
2017-10,fashion_male_clothing,1041.8
2017-10,fashion_shoes,1860.92
2017-10,fashion_sport,59.9
2017-10,fashion_underwear_beach,187.8
2017-10,fixed_telephony,3751.88
2017-10,flowers,
2017-10,food,806.06
2017-10,food_drink,2297.23
2017-10,furniture_bedroom,1193.9
2017-10,furniture_decor,30227.51
2017-10,furniture_living_room,1532.79
2017-10,furniture_mattress_and_upholstery,
2017-10,garden_tools,25978.74
2017-10,health_beauty,41915.72
2017-10,home_appliances,1951.08
2017-10,home_appliances_2,2803.17
2017-10,home_comfort_2,64.5
2017-10,home_confort,3619.8
2017-10,home_construction,4201.17
2017-10,housewares,15996.63
2017-10,industry_commerce_and_business,2256.69
2017-10,kitchen_dining_laundry_garden_furniture,3428.6
2017-10,la_cuisine,137.0
2017-10,luggage_accessories,6240.34
2017-10,market_place,1019.54
2017-10,music,54.9
2017-10,musical_instruments,6859.16
2017-10,office_furniture,17890.83
2017-10,party_supplies,137.8
2017-10,pc_gamer,
2017-10,perfumery,16984.62
2017-10,pet_shop,8243.58
2017-10,portateis_cozinha_e_preparadores_de_alimentos,
2017-10,security_and_services,
2017-10,signaling_and_security,744.0
2017-10,small_appliances,6464.85
2017-10,small_appliances_home_oven_and_coffee,
2017-10,sports_leisure,49751.45
2017-10,stationery,8607.86
2017-10,tablets_printing_image,99.0
2017-10,telephony,22850.76
2017-10,toys,34633.01
2017-10,watches_gifts,65959.53
2017-11,Unknown,14115.98
2017-11,agro_industry_and_commerce,13932.49
2017-11,air_conditioning,4076.62
2017-11,art,75.0
2017-11,arts_and_craftmanship,
2017-11,audio,3677.23
2017-11,auto,34955.38
2017-11,baby,21738.78
2017-11,bed_bath_table,89412.54
2017-11,books_general_interest,2664.96
2017-11,books_imported,324.0
2017-11,books_technical,768.9
2017-11,cds_dvds_musicals,195.0
2017-11,christmas_supplies,1340.58
2017-11,cine_photo,242.0
2017-11,computers,9768.0
2017-11,computers_accessories,72656.0
2017-11,consoles_games,12608.88
2017-11,construction_tools_construction,6993.56
2017-11,construction_tools_lights,2199.48
2017-11,construction_tools_safety,3318.59
2017-11,cool_stuff,56295.24
2017-11,costruction_tools_garden,1218.5
2017-11,costruction_tools_tools,269.5
2017-11,diapers_and_hygiene,
2017-11,drinks,748.61
2017-11,dvds_blu_ray,79.79
2017-11,electronics,10026.14
2017-11,fashio_female_clothing,79.88
2017-11,fashion_bags_accessories,13414.89
2017-11,fashion_childrens_clothes,
2017-11,fashion_male_clothing,929.99
2017-11,fashion_shoes,1777.7
2017-11,fashion_sport,59.9
2017-11,fashion_underwear_beach,1221.6
2017-11,fixed_telephony,943.98
2017-11,flowers,187.8
2017-11,food,556.95
2017-11,food_drink,2445.57
2017-11,furniture_bedroom,873.0
2017-11,furniture_decor,63223.97
2017-11,furniture_living_room,6212.95
2017-11,furniture_mattress_and_upholstery,334.0
2017-11,garden_tools,45972.18
2017-11,health_beauty,79120.4
2017-11,home_appliances,4515.94
2017-11,home_appliances_2,4854.93
2017-11,home_comfort_2,38.7
2017-11,home_confort,5355.39
2017-11,home_construction,4936.72
2017-11,housewares,34855.32
2017-11,industry_commerce_and_business,2074.77
2017-11,kitchen_dining_laundry_garden_furniture,5007.39
2017-11,la_cuisine,137.0
2017-11,luggage_accessories,8538.95
2017-11,market_place,1355.98
2017-11,music,
2017-11,musical_instruments,16509.9
2017-11,office_furniture,18048.2
2017-11,party_supplies,870.69
2017-11,pc_gamer,
2017-11,perfumery,31831.81
2017-11,pet_shop,11325.68
2017-11,portateis_cozinha_e_preparadores_de_alimentos,
2017-11,security_and_services,
2017-11,signaling_and_security,596.79
2017-11,small_appliances,7826.82
2017-11,small_appliances_home_oven_and_coffee,
2017-11,sports_leisure,64874.05
2017-11,stationery,16699.09
2017-11,tablets_printing_image,350.4
2017-11,telephony,26564.88
2017-11,toys,64320.89
2017-11,watches_gifts,97724.57
2017-12,Unknown,16224.92
2017-12,agro_industry_and_commerce,5291.7
2017-12,air_conditioning,668.8
2017-12,art,115.25
2017-12,arts_and_craftmanship,
2017-12,audio,2686.93
2017-12,auto,39287.64
2017-12,baby,19943.08
2017-12,bed_bath_table,50505.85
2017-12,books_general_interest,2397.1
2017-12,books_imported,231.0
2017-12,books_technical,670.69
2017-12,cds_dvds_musicals,65.0
2017-12,christmas_supplies,493.9
2017-12,cine_photo,
2017-12,computers,16741.0
2017-12,computers_accessories,37880.65
2017-12,consoles_games,9075.01
2017-12,construction_tools_construction,5830.35
2017-12,construction_tools_lights,176.0
2017-12,construction_tools_safety,1384.92
2017-12,cool_stuff,39011.54
2017-12,costruction_tools_garden,928.9
2017-12,costruction_tools_tools,349.4
2017-12,diapers_and_hygiene,76.0
2017-12,drinks,2132.84
2017-12,dvds_blu_ray,119.9
2017-12,electronics,8537.51
2017-12,fashio_female_clothing,
2017-12,fashion_bags_accessories,10028.46
2017-12,fashion_childrens_clothes,
2017-12,fashion_male_clothing,450.89
2017-12,fashion_shoes,1099.0
2017-12,fashion_sport,59.9
2017-12,fashion_underwear_beach,1173.1
2017-12,fixed_telephony,998.77
2017-12,flowers,82.7
2017-12,food,978.19
2017-12,food_drink,1098.68
2017-12,furniture_bedroom,185.0
2017-12,furniture_decor,32011.75
2017-12,furniture_living_room,2316.01
2017-12,furniture_mattress_and_upholstery,803.7
2017-12,garden_tools,27689.69
2017-12,health_beauty,61264.66
2017-12,home_appliances,1331.0
2017-12,home_appliances_2,1990.16
2017-12,home_comfort_2,
2017-12,home_confort,2257.8
2017-12,home_construction,6735.3
2017-12,housewares,25921.95
2017-12,industry_commerce_and_business,1828.5
2017-12,kitchen_dining_laundry_garden_furniture,4277.3
2017-12,la_cuisine,
2017-12,luggage_accessories,6248.21
2017-12,market_place,703.25
2017-12,music,
2017-12,musical_instruments,10823.5
2017-12,office_furniture,6964.36
2017-12,party_supplies,515.2
2017-12,pc_gamer,
2017-12,perfumery,27864.43
2017-12,pet_shop,7227.23
2017-12,portateis_cozinha_e_preparadores_de_alimentos,
2017-12,security_and_services,
2017-12,signaling_and_security,770.0
2017-12,small_appliances,8913.77
2017-12,small_appliances_home_oven_and_coffee,
2017-12,sports_leisure,59792.66
2017-12,stationery,25731.0
2017-12,tablets_printing_image,419.4
2017-12,telephony,13611.01
2017-12,toys,57194.14
2017-12,watches_gifts,71727.62
2018-01,Unknown,22489.45
2018-01,agro_industry_and_commerce,5853.44
2018-01,air_conditioning,4674.74
2018-01,art,2540.77
2018-01,arts_and_craftmanship,
2018-01,audio,3820.28
2018-01,auto,35995.02
2018-01,baby,30058.47
2018-01,bed_bath_table,76377.79
2018-01,books_general_interest,2180.15
2018-01,books_imported,583.0
2018-01,books_technical,1176.55
2018-01,cds_dvds_musicals,
2018-01,christmas_supplies,851.5
2018-01,cine_photo,199.98
2018-01,computers,7450.0
2018-01,computers_accessories,83257.45
2018-01,consoles_games,8200.98
2018-01,construction_tools_construction,9664.18
2018-01,construction_tools_lights,2392.99
2018-01,construction_tools_safety,2228.89
2018-01,cool_stuff,39739.7
2018-01,costruction_tools_garden,3927.98
2018-01,costruction_tools_tools,532.3
2018-01,diapers_and_hygiene,125.0
2018-01,drinks,2307.61
2018-01,dvds_blu_ray,49.8
2018-01,electronics,15996.68
2018-01,fashio_female_clothing,161.79
2018-01,fashion_bags_accessories,7931.72
2018-01,fashion_childrens_clothes,
2018-01,fashion_male_clothing,550.6
2018-01,fashion_shoes,666.7
2018-01,fashion_sport,119.8
2018-01,fashion_underwear_beach,754.5
2018-01,fixed_telephony,2444.1
2018-01,flowers,284.6
2018-01,food,868.41
2018-01,food_drink,341.17
2018-01,furniture_bedroom,914.8
2018-01,furniture_decor,55438.18
2018-01,furniture_living_room,2308.1
2018-01,furniture_mattress_and_upholstery,860.5
2018-01,garden_tools,27037.94
2018-01,health_beauty,72470.49
2018-01,home_appliances,1795.05
2018-01,home_appliances_2,8630.1
2018-01,home_comfort_2,
2018-01,home_confort,3020.16
2018-01,home_construction,5827.58
2018-01,housewares,38078.31
2018-01,industry_commerce_and_business,3662.0
2018-01,kitchen_dining_laundry_garden_furniture,4838.5
2018-01,la_cuisine,112.0
2018-01,luggage_accessories,18738.22
2018-01,market_place,818.72
2018-01,music,24.97
2018-01,musical_instruments,15405.58
2018-01,office_furniture,20113.41
2018-01,party_supplies,135.8
2018-01,pc_gamer,
2018-01,perfumery,20036.89
2018-01,pet_shop,10885.96
2018-01,portateis_cozinha_e_preparadores_de_alimentos,
2018-01,security_and_services,
2018-01,signaling_and_security,1048.79
2018-01,small_appliances,15450.76
2018-01,small_appliances_home_oven_and_coffee,369.99
2018-01,sports_leisure,91574.33
2018-01,stationery,41023.91
2018-01,tablets_printing_image,161.8
2018-01,telephony,14879.96
2018-01,toys,21948.23
2018-01,watches_gifts,75621.24
2018-02,Unknown,12758.75
2018-02,agro_industry_and_commerce,7404.8
2018-02,air_conditioning,2626.89
2018-02,art,1251.71
2018-02,arts_and_craftmanship,
2018-02,audio,2828.49
2018-02,auto,41706.89
2018-02,baby,25985.82
2018-02,bed_bath_table,60690.88
2018-02,books_general_interest,1912.65
2018-02,books_imported,325.0
2018-02,books_technical,1411.21
2018-02,cds_dvds_musicals,
2018-02,christmas_supplies,2059.65
2018-02,cine_photo,227.99
2018-02,computers,
2018-02,computers_accessories,100855.23
2018-02,consoles_games,11978.73
2018-02,construction_tools_construction,9003.97
2018-02,construction_tools_lights,1610.8
2018-02,construction_tools_safety,5965.75
2018-02,cool_stuff,31002.21
2018-02,costruction_tools_garden,1538.25
2018-02,costruction_tools_tools,1318.2
2018-02,diapers_and_hygiene,100.0
2018-02,drinks,1967.44
2018-02,dvds_blu_ray,24.9
2018-02,electronics,14780.6
2018-02,fashio_female_clothing,29.99
2018-02,fashion_bags_accessories,9786.63
2018-02,fashion_childrens_clothes,
2018-02,fashion_male_clothing,388.09
2018-02,fashion_shoes,1033.7
2018-02,fashion_sport,
2018-02,fashion_underwear_beach,399.3
2018-02,fixed_telephony,6138.67
2018-02,flowers,134.48
2018-02,food,1933.42
2018-02,food_drink,1059.1
2018-02,furniture_bedroom,1094.8
2018-02,furniture_decor,38646.52
2018-02,furniture_living_room,4402.78
2018-02,furniture_mattress_and_upholstery,389.4
2018-02,garden_tools,26838.03
2018-02,health_beauty,86996.06
2018-02,home_appliances,5583.74
2018-02,home_appliances_2,8998.83
2018-02,home_comfort_2,38.7
2018-02,home_confort,3012.76
2018-02,home_construction,5303.9
2018-02,housewares,35448.56
2018-02,industry_commerce_and_business,4735.59
2018-02,kitchen_dining_laundry_garden_furniture,4750.16
2018-02,la_cuisine,
2018-02,luggage_accessories,6604.35
2018-02,market_place,1920.92
2018-02,music,244.97
2018-02,musical_instruments,9015.73
2018-02,office_furniture,17774.78
2018-02,party_supplies,
2018-02,pc_gamer,129.99
2018-02,perfumery,20632.7
2018-02,pet_shop,9595.03
2018-02,portateis_cozinha_e_preparadores_de_alimentos,
2018-02,security_and_services,
2018-02,signaling_and_security,715.79
2018-02,small_appliances,5245.16
2018-02,small_appliances_home_oven_and_coffee,3024.9
2018-02,sports_leisure,75863.95
2018-02,stationery,11889.1
2018-02,tablets_printing_image,694.97
2018-02,telephony,14105.24
2018-02,toys,14778.93
2018-02,watches_gifts,63462.18
2018-03,Unknown,17378.11
2018-03,agro_industry_and_commerce,6019.0
2018-03,air_conditioning,2667.58
2018-03,art,461.5
2018-03,arts_and_craftmanship,
2018-03,audio,10606.69
2018-03,auto,44753.24
2018-03,baby,41985.74
2018-03,bed_bath_table,69256.39
2018-03,books_general_interest,1711.93
2018-03,books_imported,259.0
2018-03,books_technical,913.47
2018-03,cds_dvds_musicals,
2018-03,christmas_supplies,854.95
2018-03,cine_photo,711.79
2018-03,computers,
2018-03,computers_accessories,85673.53
2018-03,consoles_games,11858.72
2018-03,construction_tools_construction,10549.38
2018-03,construction_tools_lights,2536.7
2018-03,construction_tools_safety,5374.87
2018-03,cool_stuff,38353.22
2018-03,costruction_tools_garden,2497.23
2018-03,costruction_tools_tools,931.3
2018-03,diapers_and_hygiene,163.0
2018-03,drinks,962.7
2018-03,dvds_blu_ray,49.8
2018-03,electronics,12554.8
2018-03,fashio_female_clothing,119.96
2018-03,fashion_bags_accessories,10261.58
2018-03,fashion_childrens_clothes,79.98
2018-03,fashion_male_clothing,
2018-03,fashion_shoes,1252.8
2018-03,fashion_sport,89.9
2018-03,fashion_underwear_beach,289.4
2018-03,fixed_telephony,1930.59
2018-03,flowers,89.67
2018-03,food,1559.9
2018-03,food_drink,2350.77
2018-03,furniture_bedroom,1071.8
2018-03,furniture_decor,52244.04
2018-03,furniture_living_room,3521.87
2018-03,furniture_mattress_and_upholstery,440.0
2018-03,garden_tools,27612.25
2018-03,health_beauty,90034.41
2018-03,home_appliances,9876.59
2018-03,home_appliances_2,5648.2
2018-03,home_comfort_2,34.99
2018-03,home_confort,2522.38
2018-03,home_construction,5639.51
2018-03,housewares,37514.44
2018-03,industry_commerce_and_business,2922.45
2018-03,kitchen_dining_laundry_garden_furniture,2842.66
2018-03,la_cuisine,389.0
2018-03,luggage_accessories,5911.77
2018-03,market_place,1548.74
2018-03,music,323.97
2018-03,musical_instruments,10822.2
2018-03,office_furniture,31301.62
2018-03,party_supplies,913.9
2018-03,pc_gamer,
2018-03,perfumery,20473.25
2018-03,pet_shop,13643.69
2018-03,portateis_cozinha_e_preparadores_de_alimentos,
2018-03,security_and_services,
2018-03,signaling_and_security,921.9
2018-03,small_appliances,14260.15
2018-03,small_appliances_home_oven_and_coffee,7890.9
2018-03,sports_leisure,85292.17
2018-03,stationery,13152.74
2018-03,tablets_printing_image,259.29
2018-03,telephony,25804.89
2018-03,toys,23407.4
2018-03,watches_gifts,97861.08
2018-04,Unknown,8240.66
2018-04,agro_industry_and_commerce,4500.7
2018-04,air_conditioning,3261.79
2018-04,art,2140.28
2018-04,arts_and_craftmanship,15.99
2018-04,audio,7045.07
2018-04,auto,49629.19
2018-04,baby,49821.84
2018-04,bed_bath_table,72357.25
2018-04,books_general_interest,6295.51
2018-04,books_imported,317.99
2018-04,books_technical,1172.1
2018-04,cds_dvds_musicals,65.0
2018-04,christmas_supplies,275.15
2018-04,cine_photo,521.74
2018-04,computers,13774.92
2018-04,computers_accessories,59651.2
2018-04,consoles_games,7239.4
2018-04,construction_tools_construction,13293.83
2018-04,construction_tools_lights,4962.67
2018-04,construction_tools_safety,2887.26
2018-04,cool_stuff,35202.4
2018-04,costruction_tools_garden,1326.79
2018-04,costruction_tools_tools,1332.99
2018-04,diapers_and_hygiene,149.0
2018-04,drinks,5016.44
2018-04,dvds_blu_ray,92.5
2018-04,electronics,11022.43
2018-04,fashio_female_clothing,174.95
2018-04,fashion_bags_accessories,9030.85
2018-04,fashion_childrens_clothes,
2018-04,fashion_male_clothing,195.0
2018-04,fashion_shoes,1438.7
2018-04,fashion_sport,89.9
2018-04,fashion_underwear_beach,359.4
2018-04,fixed_telephony,1921.94
2018-04,flowers,158.4
2018-04,food,1665.43
2018-04,food_drink,605.07
2018-04,furniture_bedroom,1470.9
2018-04,furniture_decor,56793.01
2018-04,furniture_living_room,5133.73
2018-04,furniture_mattress_and_upholstery,
2018-04,garden_tools,35037.64
2018-04,health_beauty,91751.04
2018-04,home_appliances,15124.25
2018-04,home_appliances_2,20741.69
2018-04,home_comfort_2,12.9
2018-04,home_confort,1939.4
2018-04,home_construction,9318.5
2018-04,housewares,45405.96
2018-04,industry_commerce_and_business,5690.61
2018-04,kitchen_dining_laundry_garden_furniture,3165.47
2018-04,la_cuisine,280.0
2018-04,luggage_accessories,8680.48
2018-04,market_place,627.23
2018-04,music,1696.86
2018-04,musical_instruments,19375.31
2018-04,office_furniture,20194.72
2018-04,party_supplies,43.8
2018-04,pc_gamer,
2018-04,perfumery,17790.31
2018-04,pet_shop,18778.3
2018-04,portateis_cozinha_e_preparadores_de_alimentos,
2018-04,security_and_services,
2018-04,signaling_and_security,2222.3
2018-04,small_appliances,12211.41
2018-04,small_appliances_home_oven_and_coffee,13980.98
2018-04,sports_leisure,67528.08
2018-04,stationery,11701.35
2018-04,tablets_printing_image,52.0
2018-04,telephony,16636.84
2018-04,toys,23352.38
2018-04,watches_gifts,92658.57
2018-05,Unknown,3136.94
2018-05,agro_industry_and_commerce,3279.75
2018-05,air_conditioning,2051.2
2018-05,art,2691.86
2018-05,arts_and_craftmanship,89.8
2018-05,audio,2697.68
2018-05,auto,40928.14
2018-05,baby,34003.6
2018-05,bed_bath_table,71702.77
2018-05,books_general_interest,6019.03
2018-05,books_imported,410.92
2018-05,books_technical,3055.48
2018-05,cds_dvds_musicals,
2018-05,christmas_supplies,524.53
2018-05,cine_photo,2277.29
2018-05,computers,9429.92
2018-05,computers_accessories,51515.73
2018-05,consoles_games,5664.07
2018-05,construction_tools_construction,20748.6
2018-05,construction_tools_lights,5477.81
2018-05,construction_tools_safety,7298.51
2018-05,cool_stuff,30039.11
2018-05,costruction_tools_garden,1073.28
2018-05,costruction_tools_tools,417.9
2018-05,diapers_and_hygiene,117.0
2018-05,drinks,2790.98
2018-05,dvds_blu_ray,439.94
2018-05,electronics,16989.29
2018-05,fashio_female_clothing,
2018-05,fashion_bags_accessories,11519.16
2018-05,fashion_childrens_clothes,
2018-05,fashion_male_clothing,129.99
2018-05,fashion_shoes,1582.7
2018-05,fashion_sport,
2018-05,fashion_underwear_beach,207.4
2018-05,fixed_telephony,1946.1
2018-05,flowers,16.4
2018-05,food,1542.93
2018-05,food_drink,1239.44
2018-05,furniture_bedroom,1484.98
2018-05,furniture_decor,54260.98
2018-05,furniture_living_room,2721.08
2018-05,furniture_mattress_and_upholstery,
2018-05,garden_tools,37863.18
2018-05,health_beauty,96460.36
2018-05,home_appliances,6149.67
2018-05,home_appliances_2,14441.24
2018-05,home_comfort_2,
2018-05,home_confort,2776.6
2018-05,home_construction,10155.28
2018-05,housewares,63003.57
2018-05,industry_commerce_and_business,3890.99
2018-05,kitchen_dining_laundry_garden_furniture,2310.09
2018-05,la_cuisine,
2018-05,luggage_accessories,6618.46
2018-05,market_place,957.45
2018-05,music,729.0
2018-05,musical_instruments,18757.07
2018-05,office_furniture,21005.86
2018-05,party_supplies,100.7
2018-05,pc_gamer,
2018-05,perfumery,24757.7
2018-05,pet_shop,11708.46
2018-05,portateis_cozinha_e_preparadores_de_alimentos,1958.0
2018-05,security_and_services,
2018-05,signaling_and_security,683.5
2018-05,small_appliances,10620.99
2018-05,small_appliances_home_oven_and_coffee,10161.6
2018-05,sports_leisure,59664.11
2018-05,stationery,12923.39
2018-05,tablets_printing_image,49.9
2018-05,telephony,21608.26
2018-05,toys,31767.3
2018-05,watches_gifts,123872.66
2018-06,Unknown,2387.13
2018-06,agro_industry_and_commerce,3515.8
2018-06,air_conditioning,3567.9
2018-06,art,2500.14
2018-06,arts_and_craftmanship,
2018-06,audio,1830.69
2018-06,auto,45407.49
2018-06,baby,30755.12
2018-06,bed_bath_table,71565.48
2018-06,books_general_interest,3345.39
2018-06,books_imported,468.17
2018-06,books_technical,1747.43
2018-06,cds_dvds_musicals,
2018-06,christmas_supplies,306.19
2018-06,cine_photo,435.85
2018-06,computers,13127.0
2018-06,computers_accessories,42326.45
2018-06,consoles_games,6903.01
2018-06,construction_tools_construction,22947.72
2018-06,construction_tools_lights,4583.41
2018-06,construction_tools_safety,2565.37
2018-06,cool_stuff,19316.37
2018-06,costruction_tools_garden,799.44
2018-06,costruction_tools_tools,527.0
2018-06,diapers_and_hygiene,321.0
2018-06,drinks,1567.07
2018-06,dvds_blu_ray,382.88
2018-06,electronics,9664.57
2018-06,fashio_female_clothing,
2018-06,fashion_bags_accessories,7869.95
2018-06,fashion_childrens_clothes,89.99
2018-06,fashion_male_clothing,447.8
2018-06,fashion_shoes,1230.58
2018-06,fashion_sport,
2018-06,fashion_underwear_beach,129.3
2018-06,fixed_telephony,2080.32
2018-06,flowers,108.0
2018-06,food,1371.18
2018-06,food_drink,293.85
2018-06,furniture_bedroom,1559.99
2018-06,furniture_decor,42190.22
2018-06,furniture_living_room,3541.62
2018-06,furniture_mattress_and_upholstery,
2018-06,garden_tools,18018.71
2018-06,health_beauty,107908.82
2018-06,home_appliances,5916.37
2018-06,home_appliances_2,8312.72
2018-06,home_comfort_2,25.8
2018-06,home_confort,2386.49
2018-06,home_construction,9094.59
2018-06,housewares,56825.45
2018-06,industry_commerce_and_business,2609.9
2018-06,kitchen_dining_laundry_garden_furniture,3667.43
2018-06,la_cuisine,
2018-06,luggage_accessories,5070.88
2018-06,market_place,556.46
2018-06,music,109.08
2018-06,musical_instruments,16177.92
2018-06,office_furniture,12725.58
2018-06,party_supplies,84.8
2018-06,pc_gamer,
2018-06,perfumery,27335.86
2018-06,pet_shop,19491.78
2018-06,portateis_cozinha_e_preparadores_de_alimentos,
2018-06,security_and_services,
2018-06,signaling_and_security,5863.18
2018-06,small_appliances,16022.7
2018-06,small_appliances_home_oven_and_coffee,3499.0
2018-06,sports_leisure,45851.01
2018-06,stationery,12859.08
2018-06,tablets_printing_image,50.0
2018-06,telephony,22776.82
2018-06,toys,21221.45
2018-06,watches_gifts,86885.56
2018-07,Unknown,4612.0
2018-07,agro_industry_and_commerce,7756.69
2018-07,air_conditioning,2657.86
2018-07,art,1843.2
2018-07,arts_and_craftmanship,654.57
2018-07,audio,2062.64
2018-07,auto,43830.29
2018-07,baby,22185.96
2018-07,bed_bath_table,55082.82
2018-07,books_general_interest,4077.45
2018-07,books_imported,402.78
2018-07,books_technical,2106.81
2018-07,cds_dvds_musicals,
2018-07,christmas_supplies,509.56
2018-07,cine_photo,1178.54
2018-07,computers,11239.0
2018-07,computers_accessories,41902.79
2018-07,consoles_games,8519.11
2018-07,construction_tools_construction,15237.47
2018-07,construction_tools_lights,7249.61
2018-07,construction_tools_safety,1888.95
2018-07,cool_stuff,30551.61
2018-07,costruction_tools_garden,1956.47
2018-07,costruction_tools_tools,5501.2
2018-07,diapers_and_hygiene,149.8
2018-07,drinks,1335.17
2018-07,dvds_blu_ray,83.99
2018-07,electronics,11150.75
2018-07,fashio_female_clothing,
2018-07,fashion_bags_accessories,6161.87
2018-07,fashion_childrens_clothes,
2018-07,fashion_male_clothing,208.7
2018-07,fashion_shoes,820.19
2018-07,fashion_sport,
2018-07,fashion_underwear_beach,109.8
2018-07,fixed_telephony,9319.39
2018-07,flowers,47.99
2018-07,food,3378.17
2018-07,food_drink,813.73
2018-07,furniture_bedroom,1386.9
2018-07,furniture_decor,45715.49
2018-07,furniture_living_room,6779.63
2018-07,furniture_mattress_and_upholstery,129.9
2018-07,garden_tools,26173.78
2018-07,health_beauty,105813.03
2018-07,home_appliances,5290.63
2018-07,home_appliances_2,12597.32
2018-07,home_comfort_2,38.7
2018-07,home_confort,2984.38
2018-07,home_construction,6780.15
2018-07,housewares,63409.14
2018-07,industry_commerce_and_business,4697.21
2018-07,kitchen_dining_laundry_garden_furniture,3875.95
2018-07,la_cuisine,
2018-07,luggage_accessories,5821.72
2018-07,market_place,186.78
2018-07,music,849.3
2018-07,musical_instruments,9541.8
2018-07,office_furniture,13775.27
2018-07,party_supplies,57.5
2018-07,pc_gamer,677.0
2018-07,perfumery,22417.77
2018-07,pet_shop,19583.74
2018-07,portateis_cozinha_e_preparadores_de_alimentos,172.03
2018-07,security_and_services,
2018-07,signaling_and_security,3785.19
2018-07,small_appliances,8711.25
2018-07,small_appliances_home_oven_and_coffee,4699.67
2018-07,sports_leisure,55292.68
2018-07,stationery,17247.09
2018-07,tablets_printing_image,
2018-07,telephony,26939.41
2018-07,toys,17277.29
2018-07,watches_gifts,96212.59
2018-08,Unknown,2419.04
2018-08,agro_industry_and_commerce,5021.09
2018-08,air_conditioning,3556.9
2018-08,art,1481.39
2018-08,arts_and_craftmanship,901.76
2018-08,audio,2069.4
2018-08,auto,45380.89
2018-08,baby,22004.15
2018-08,bed_bath_table,61035.88
2018-08,books_general_interest,1564.78
2018-08,books_imported,749.0
2018-08,books_technical,1483.79
2018-08,cds_dvds_musicals,
2018-08,christmas_supplies,564.37
2018-08,cine_photo,685.28
2018-08,computers,8711.5
2018-08,computers_accessories,40293.93
2018-08,consoles_games,4824.49
2018-08,construction_tools_construction,22917.16
2018-08,construction_tools_lights,8212.53
2018-08,construction_tools_safety,4070.12
2018-08,cool_stuff,16354.58
2018-08,costruction_tools_garden,3688.76
2018-08,costruction_tools_tools,1255.77
2018-08,diapers_and_hygiene,231.89
2018-08,drinks,1477.23
2018-08,dvds_blu_ray,8.9
2018-08,electronics,10769.47
2018-08,fashio_female_clothing,129.97
2018-08,fashion_bags_accessories,8177.43
2018-08,fashion_childrens_clothes,
2018-08,fashion_male_clothing,381.69
2018-08,fashion_shoes,471.3
2018-08,fashion_sport,69.9
2018-08,fashion_underwear_beach,219.9
2018-08,fixed_telephony,2724.17
2018-08,flowers,
2018-08,food,8256.18
2018-08,food_drink,1028.61
2018-08,furniture_bedroom,2197.0
2018-08,furniture_decor,41380.15
2018-08,furniture_living_room,5223.34
2018-08,furniture_mattress_and_upholstery,
2018-08,garden_tools,16432.34
2018-08,health_beauty,120803.94
2018-08,home_appliances,6584.4
2018-08,home_appliances_2,9882.76
2018-08,home_comfort_2,
2018-08,home_confort,2241.28
2018-08,home_construction,7016.16
2018-08,housewares,60202.67
2018-08,industry_commerce_and_business,2364.69
2018-08,kitchen_dining_laundry_garden_furniture,2156.47
2018-08,la_cuisine,
2018-08,luggage_accessories,6847.91
2018-08,market_place,949.27
2018-08,music,497.81
2018-08,musical_instruments,10519.34
2018-08,office_furniture,6758.87
2018-08,party_supplies,1285.29
2018-08,pc_gamer,219.0
2018-08,perfumery,25017.69
2018-08,pet_shop,24857.07
2018-08,portateis_cozinha_e_preparadores_de_alimentos,1838.5
2018-08,security_and_services,
2018-08,signaling_and_security,1825.59
2018-08,small_appliances,6759.06
2018-08,small_appliances_home_oven_and_coffee,2996.72
2018-08,sports_leisure,51500.16
2018-08,stationery,15563.65
2018-08,tablets_printing_image,
2018-08,telephony,37541.89
2018-08,toys,17753.05
2018-08,watches_gifts,72277.06
2018-09,Unknown,
2018-09,agro_industry_and_commerce,
2018-09,air_conditioning,
2018-09,art,
2018-09,arts_and_craftmanship,
2018-09,audio,
2018-09,auto,
2018-09,baby,
2018-09,bed_bath_table,
2018-09,books_general_interest,
2018-09,books_imported,
2018-09,books_technical,
2018-09,cds_dvds_musicals,
2018-09,christmas_supplies,
2018-09,cine_photo,
2018-09,computers,
2018-09,computers_accessories,
2018-09,consoles_games,
2018-09,construction_tools_construction,
2018-09,construction_tools_lights,
2018-09,construction_tools_safety,
2018-09,cool_stuff,
2018-09,costruction_tools_garden,
2018-09,costruction_tools_tools,
2018-09,diapers_and_hygiene,
2018-09,drinks,
2018-09,dvds_blu_ray,
2018-09,electronics,
2018-09,fashio_female_clothing,
2018-09,fashion_bags_accessories,
2018-09,fashion_childrens_clothes,
2018-09,fashion_male_clothing,
2018-09,fashion_shoes,
2018-09,fashion_sport,
2018-09,fashion_underwear_beach,
2018-09,fixed_telephony,
2018-09,flowers,
2018-09,food,
2018-09,food_drink,
2018-09,furniture_bedroom,
2018-09,furniture_decor,
2018-09,furniture_living_room,
2018-09,furniture_mattress_and_upholstery,
2018-09,garden_tools,
2018-09,health_beauty,
2018-09,home_appliances,
2018-09,home_appliances_2,
2018-09,home_comfort_2,
2018-09,home_confort,
2018-09,home_construction,
2018-09,housewares,
2018-09,industry_commerce_and_business,
2018-09,kitchen_dining_laundry_garden_furniture,145.0
2018-09,la_cuisine,
2018-09,luggage_accessories,
2018-09,market_place,
2018-09,music,
2018-09,musical_instruments,
2018-09,office_furniture,
2018-09,party_supplies,
2018-09,pc_gamer,
2018-09,perfumery,
2018-09,pet_shop,
2018-09,portateis_cozinha_e_preparadores_de_alimentos,
2018-09,security_and_services,
2018-09,signaling_and_security,
2018-09,small_appliances,
2018-09,small_appliances_home_oven_and_coffee,
2018-09,sports_leisure,
2018-09,stationery,
2018-09,tablets_printing_image,
2018-09,telephony,
2018-09,toys,
2018-09,watches_gifts,
2018-10,Unknown,
2018-10,agro_industry_and_commerce,
2018-10,air_conditioning,
2018-10,art,
2018-10,arts_and_craftmanship,
2018-10,audio,
2018-10,auto,
2018-10,baby,
2018-10,bed_bath_table,
2018-10,books_general_interest,
2018-10,books_imported,
2018-10,books_technical,
2018-10,cds_dvds_musicals,
2018-10,christmas_supplies,
2018-10,cine_photo,
2018-10,computers,
2018-10,computers_accessories,
2018-10,consoles_games,
2018-10,construction_tools_construction,
2018-10,construction_tools_lights,
2018-10,construction_tools_safety,
2018-10,cool_stuff,
2018-10,costruction_tools_garden,
2018-10,costruction_tools_tools,
2018-10,diapers_and_hygiene,
2018-10,drinks,
2018-10,dvds_blu_ray,
2018-10,electronics,
2018-10,fashio_female_clothing,
2018-10,fashion_bags_accessories,
2018-10,fashion_childrens_clothes,
2018-10,fashion_male_clothing,
2018-10,fashion_shoes,
2018-10,fashion_sport,
2018-10,fashion_underwear_beach,
2018-10,fixed_telephony,
2018-10,flowers,
2018-10,food,
2018-10,food_drink,
2018-10,furniture_bedroom,
2018-10,furniture_decor,
2018-10,furniture_living_room,
2018-10,furniture_mattress_and_upholstery,
2018-10,garden_tools,
2018-10,health_beauty,
2018-10,home_appliances,
2018-10,home_appliances_2,
2018-10,home_comfort_2,
2018-10,home_confort,
2018-10,home_construction,
2018-10,housewares,
2018-10,industry_commerce_and_business,
2018-10,kitchen_dining_laundry_garden_furniture,
2018-10,la_cuisine,
2018-10,luggage_accessories,
2018-10,market_place,
2018-10,music,
2018-10,musical_instruments,
2018-10,office_furniture,
2018-10,party_supplies,
2018-10,pc_gamer,
2018-10,perfumery,
2018-10,pet_shop,
2018-10,portateis_cozinha_e_preparadores_de_alimentos,
2018-10,security_and_services,
2018-10,signaling_and_security,
2018-10,small_appliances,
2018-10,small_appliances_home_oven_and_coffee,
2018-10,sports_leisure,
2018-10,stationery,
2018-10,tablets_printing_image,
2018-10,telephony,
2018-10,toys,
2018-10,watches_gifts,
