seller_id,total_orders,late_orders,bad_reviews,avg_review_score,avg_days_late,revenue_at_risk
7c67e1448b00f6e969d365cea6b010ab,973,131,397,3.35,-10.8,59987.79
4a3ca9315b744ce9f8e9374361493884,1772,216,372,3.83,-8.97,47791.67
4869f7a5dfa277a7dca6462dcf3b52b2,1124,133,153,4.14,-10.45,39558.97
5dceca129747e92ff8ef7a997dc4f8ca,322,20,64,4.02,-10.61,37494.85
1025f0e2d44d7041d6cf58b6550e0bfa,910,131,285,3.87,-10.42,32616.63
da8622b14eb17ae2831f4ac5b9dab84a,1311,114,233,4.08,-10.6,32286.67
7d13fca15225358621be4086e1eb0964,558,68,100,4.02,-10.29,25125.82
955fee9216a65b617aa5c0531780ce60,1261,119,196,4.09,-9.62,24544.87
53243585a1d6dc2643021fd1853d8905,348,16,44,4.13,-10.88,24298.32
6560211a19b47992c3666cc44a7e94c0,1819,125,331,3.95,-11.02,23966.97
1f50f920176fa81dab994f9023523100,1399,184,348,3.99,-10.11,23855.9
fa1c13f2614d7b5c4749cbc52fecda94,578,59,55,4.37,-9.61,23016.0
2eb70248d66e0e3ef83659f71b244378,187,28,93,2.81,-9.36,19060.69
712e6ed8aa4aa1fa65dab41fed5737e4,77,18,29,3.47,-9.15,18384.0
7a67c85e85bb2ce8582c35f2203ad736,1145,68,116,4.27,-11.16,17633.37
cc419e0650a3c5ba77189a1882b7556a,1651,106,228,4.15,-12.33,17250.19
522620dcb18a6b31cd7bdf73665113a9,172,18,33,3.91,-13.38,17164.39
7e93a43ef30c4f03f38b393420bc753a,319,18,26,4.36,-11.49,16600.44
04308b1ee57b6625f47df1d56f00eedf,92,11,18,3.95,-10.88,15875.7
88460e8ebdecbfecb5f9601833981930,246,59,98,3.37,-10.13,15125.95
25c5c91f63607446a97b143d2d535d31,156,16,60,3.72,-11.48,15066.64
620c87c171fb2a6dd6e8bb4dec959fc6,722,75,96,4.27,-13.05,15012.3
46dc3b2cc0980fb8ec44634e21d2718e,503,33,58,4.26,-11.48,14839.3
cca3071e3e9bb7d12640c9fbe2301306,699,44,155,3.89,-14.65,14308.06
3d871de0142ce09b7081e2b9d1733cb1,1064,67,130,4.15,-12.4,13161.9
f7ba60f8c3f99e7ee4042fdef03b70c4,218,38,24,4.23,-8.48,13041.0
8160255418d5aaa7dbdc9f4c64ebda44,380,76,83,3.86,-6.89,12858.1
a1043bafd471dff536d0c462352beb48,702,42,77,4.25,-11.8,12274.5
7ddcbb64b5bc1ef36ca8c151f6ec77df,325,28,55,3.97,-9.43,11564.31
17e34d8224d27a541263c4c64b11a56b,247,21,32,4.2,-10.15,11155.7
4e922959ae960d389249c378d1c939f5,412,48,89,3.9,-12.35,11148.94
634964b17796e64304cadf1ad3050fb7,265,31,61,3.87,-9.62,10312.1
06a2c3af7b3aee5d69171b0e14f0ee87,389,95,62,4.03,-10.53,9963.84
77530e9772f57a62c906e1c21538ab82,312,44,64,4.09,-10.21,9539.6
8444e55c1f13cd5c179851e5ca5ebd00,92,11,39,3.16,-20.58,9488.8
b33e7c55446eabf8fe1a42d037ac7d6d,149,20,20,4.19,-10.6,9464.25
f5a590cf36251cf1162ea35bef76fe84,113,12,13,4.28,-10.35,9432.89
1ca7077d890b907f89be8c954a02686a,108,25,80,2.27,-6.16,9347.69
8581055ce74af1daba164fdbd55a40de,379,43,47,4.26,-8.47,9265.25
7178f9f4dd81dcef02f62acdf8151e01,202,10,32,4.05,-18.02,9097.7
fe2032dab1a61af8794248c8196565c9,293,26,28,4.4,-10.39,8966.8
2bf6a2c1e71bbd29a4ad64e6d3c3629f,30,3,4,4.19,-14.05,8949.8
855668e0971d4dfd7bef1b6a4133b41b,300,43,66,3.84,-8.33,8867.74
391fc6631aebcf3004804e51b40bcf1e,521,60,100,3.97,-10.96,8860.33
c826c40d7b19f62a09e2d7c5e7295ee2,346,33,56,4.09,-9.17,8760.4
218d46b86c1881d022bce9c68a7d4b15,382,38,51,4.17,-11.02,8653.75
e9bc59e7b60fc3063eb2290deda4cced,209,33,42,4.03,-13.29,8231.44
de722cd6dad950a92b7d4f82673f8833,337,15,48,4.17,-15.42,8065.0
1835b56ce799e6a4dc4eddc053f04066,417,58,138,3.62,-10.09,8052.17
ea8482cd71df3c1969d7b9473ff13abc,1132,123,186,3.98,-9.39,8045.82
70a12e78e608ac31179aea7f8422044b,312,35,65,3.79,-9.78,7974.83
17a053fcb14bd219540cbde0df490be0,124,12,16,4.23,-9.43,7895.3
e9779976487b77c6d4ac45f75ec7afe9,645,55,88,4.21,-9.13,7825.81
ccc4bbb5f32a6ab2b7066a4130f114e3,184,14,20,4.32,-16.18,7803.8
7142540dd4c91e2237acb7e911c4eba2,316,26,45,4.06,-13.16,7638.8
ceaec5548eefc6e23e6607c5435102e7,198,12,22,4.2,-14.53,7614.89
7681ef142fd2c19048da7430856b5588,58,9,11,4.17,-8.78,7490.0
966cb4760537b1404caedd472cc610a5,67,2,8,4.12,-14.75,7404.98
b2ba3715d723d245138f291a6fe42594,324,30,40,4.2,-9.36,7404.39
d1c281d3ae149232351cd8c8cc885f0d,214,21,54,3.83,-10.88,7249.33
59b22a78efb79a4797979612b885db36,125,17,27,3.97,-9.59,7215.8
c3867b4666c7d76867627c2f7fb22e21,228,27,42,4.02,-9.3,7176.5
897060da8b9a21f655304d50fd935913,304,50,121,3.47,-9.09,7168.13
d91fb3b7d041e83b64a00a3edfb37e4f,524,34,74,4.14,-12.02,7066.28
8e6d7754bc7e0f22c96d255ebda59eba,84,17,58,3.03,-5.62,7032.88
d2374cbcbb3ca4ab1086534108cc3ab7,514,33,155,3.64,-14.81,6911.66
ea566164622c6b439516ab18062c42cd,50,12,13,3.75,-7.09,6800.44
165fc07beebdcb6190fba8a06db2a449,50,8,17,3.69,-10.35,6653.7
9c0e69c7bf2619675bbadf47b43f655a,151,19,30,4.06,-7.74,6556.13
7ad32824caee82087b3e2e5f33b1bf32,147,23,36,3.79,-9.85,6461.8
0b90b6df587eb83608a64ea8b390cf07,163,7,36,4.03,-17.54,6340.01
2528513dd95219a6013d4d05176e391a,160,9,28,3.96,-11.59,6277.6
eeb6de78f79159600292e314a77cbd18,82,3,5,4.42,-16.23,6243.0
710e3548e02bc1d2831dfc4f1b5b14d4,131,6,41,3.46,-21.31,6163.29
edb1ef5e36e0c8cd84eb3c9b003e486d,165,13,13,4.45,-12.84,6157.7
dc4a0fc896dc34b0d5bfec8438291c80,225,17,53,3.79,-10.76,6067.44
a416b6a846a11724393025641d4edd5e,157,22,25,4.22,-9.91,6042.03
1900267e848ceeba8fa32d80c1a5f5a8,406,52,99,3.88,-9.39,5975.57
76d5af76d0271110f9af36c92573f765,128,13,23,4.1,-11.8,5909.93
c70c1b0d8ca86052f45a432a38b73958,260,27,36,4.32,-8.4,5846.98
4d6d651bd7684af3fffabd5f08d12e5a,363,18,48,4.21,-12.38,5777.7
001cca7ae9ae17fb1caed9dfb1094831,195,13,40,3.97,-12.57,5557.5
f8db351d8c4c4c22c6835c19a46f01b0,659,42,70,4.25,-11.04,5487.0
cd68562d3f44870c08922d380acae552,122,26,25,3.91,-6.85,5447.0
17f51e7198701186712e53a39c564617,56,5,5,4.34,-11.59,5400.0
16090f2ca825584b5a147ab24aa30c86,398,44,55,4.07,-8.94,5383.38
37be5a7c751166fbc5f8ccba4119e043,269,7,26,4.31,-12.86,5208.88
729f06993dac8e860d4f02d7088ca48a,94,11,10,4.33,-10.47,5158.9
6039e27294dc75811c0d8a39069f52c0,63,19,13,3.88,-6.41,5157.4
900ba814c251a692506d7834c1218441,86,12,7,4.23,-7.88,5101.45
53e4c6e0f4312d4d2107a8c9cddf45cd,463,27,74,4.09,-12.74,5072.15
e59aa562b9f8076dd550fcddf0e73491,69,7,7,4.33,-11.65,5023.8
b32be1695eb7ec5f10f72d9610a12527,44,2,5,4.16,-13.07,4882.0
f457c46070d02cadd8a68551231220dd,195,15,52,3.82,-11.53,4822.1
e5a38146df062edaf55c38afa99e42dc,120,11,21,3.98,-9.94,4804.31
7e1fb0a3ebfb01ffb3a7dae98bf3238d,155,23,19,4.16,-10.12,4703.89
0b35c634521043bf4b47e21547b99ab5,50,9,19,3.53,-14.15,4620.29
b839e41795b7f3ad94cc2014a52f6796,33,1,6,4.03,-12.59,4496.0
5c243662ce92d84573bfaff24c3e3700,98,3,11,4.13,-13.26,4488.71
54965bbe3e4f07ae045b90b0b8541f52,73,26,32,3.07,-1.69,4415.1
48162d548f5b1b11b9d29d1e01f75a61,66,2,19,3.82,-12.19,4403.3
c3cfdc648177fdbbbb35635a37472c53,278,7,26,4.45,-15.62,4366.9
a49928bcdf77c55c6d6e05e09a9b4ca5,96,26,45,2.97,-3.81,4343.0
0241d4d5d36f10f80c644447315af0bd,238,14,31,4.28,-12.32,4340.5
aba1721a889e04decc910aa13b768ef4,83,10,9,4.46,-10.94,4323.4
5058e8c1e82653974541e83690655b4a,62,10,28,3.08,-15.68,4314.43
c60b801f2d52c7f7f91de00870882a75,39,8,11,3.44,-9.96,4214.0
4c2b230173bb36f9b240f2b8ac11786e,258,31,84,3.76,-7.94,4193.49
44073f8b7e41514de3b7815dd0237f4f,142,7,31,3.75,-15.13,4174.48
1c68394e931a64f90ea236c5ea590300,142,6,27,3.94,-14.87,4133.06
8f2ce03f928b567e3d56181ae20ae952,151,25,22,4.12,-8.99,4110.9
00ee68308b45bc5e2660cd833c3f81cc,135,14,17,4.33,-10.16,4095.0
b94cc9f10ddc85e4ba73a6f7974e7101,39,3,5,4.3,-11.94,3999.4
96493fab2fbb13a14d0c0e8772eef5c3,63,4,10,4.03,-9.53,3992.0
9f505651f4a6abe901a56cdc21508025,393,20,43,4.31,-10.33,3966.62
06e5eefc71ec47ae763c5c6f8db7064f,90,2,13,3.96,-16.16,3960.57
0dd184061fb0eaa7ca37932c68ab91c5,161,19,29,3.95,-10.52,3913.0
c33847515fa6305ce6feb1e818569f13,114,6,32,3.72,-14.73,3858.26
004c9cd9d87a3c30c522c48c4fc07416,156,15,23,4.15,-10.96,3853.17
f62d7bb4a613ec758a03342d46b580b2,32,4,2,4.38,-9.02,3795.0
82e0a475a88cc9595229d8029273f045,41,5,31,3.35,-7.72,3786.66
6973a06f484aacf400ece213dbf3d946,89,19,27,3.67,-6.6,3778.11
431af27f296bc6519d890aa5a05fdb11,116,19,30,3.81,-6.82,3704.5
850f4f8af5ea87287ac68de36e29107f,186,12,18,4.29,-14.09,3676.7
4a3ccda38b2129705f3fb522db62ca31,64,7,18,3.81,-10.48,3676.04
00fc707aaaad2d31347cf883cd2dfe10,103,6,36,3.74,-14.87,3660.95
1554a68530182680ad5c8b042c3ab563,246,19,31,4.27,-13.23,3626.93
834f3294fba9f932f56edc879193f925,66,4,3,4.55,-8.8,3619.3
7299e27ed73d2ad986de7f7c77d919fa,335,17,25,4.43,-11.95,3586.72
75d34ebb1bd0bd7dde40dd507b8169c3,57,10,13,3.99,-16.22,3578.81
213b25e6f54661939f11710a6fddb871,152,21,37,3.83,-10.29,3563.65
229c3efbfb0ea2058de4ccdfbc3d784a,118,3,37,3.64,-11.67,3557.0
972d0f9cf61b499a4812cf0bfa3ad3c4,81,10,37,2.96,-9.04,3530.86
abe42c5d03695b4257b5c6cbf4e6784e,49,8,8,3.96,-8.63,3520.0
a888faf2d1baececa6baf9c3d603ee1f,53,8,8,4.11,-10.07,3500.8
7aa4334be125fcdd2ba64b3180029f14,214,32,37,4.08,-8.85,3491.67
d05ae8f7a5bd1d2a690a44cd079e4e27,77,7,18,3.82,-10.52,3485.0
a673821011d0cec28146ea42f5ab767f,125,16,27,3.91,-8.71,3480.56
66e0557ecc2b4dbea057e93f215f68d8,30,8,4,4.03,-8.13,3471.0
8b321bb669392f5163d04c59e235e066,930,103,164,4.02,-9.3,3445.18
f45122a9ab94eb4f3f8953578bc0c560,184,14,38,3.92,-9.67,3390.82
dbc22125167c298ef99da25668e1011f,394,10,36,4.27,-13.17,3377.42
cfb1a033743668a192316f3c6d1d2671,143,19,33,3.99,-10.88,3315.25
de23c3b98a88888289c6f5cc1209054a,161,16,18,4.31,-9.89,3241.36
a7f13822ceb966b076af67121f87b063,73,5,21,3.49,-16.17,3206.17
3b15288545f8928d3e65a8f949a28291,101,10,21,3.91,-10.79,3200.74
ba90964cff9b9e0e6f32b23b82465f7b,38,2,2,4.42,-11.29,3198.0
99eaacc9e6046db1c82b163c5f84869f,63,7,11,4.01,-8.14,3125.79
c31eff8334d6b3047ed34bebd4d62c36,120,17,21,3.88,-9.51,3116.35
7b0df942f46435babab05d49b744b2c4,32,3,2,4.39,-10.23,3112.55
a3e9a2c700480d9bb01fba070ba80a0e,129,15,23,4.02,-9.24,3097.0
2e90cb1677d35cfe24eef47d441b7c87,127,17,23,4.04,-10.05,3046.8
6d66611d7c44cc30ce351abc49a68421,164,12,28,3.93,-10.06,3028.9
23d7c96d4a1160db1c726b248601b25a,50,7,8,3.92,-10.04,2942.8
5343d0649eca2a983820bfe93fc4d17e,70,10,31,3.64,-11.89,2928.11
fffd5413c0700ac820c7069d66d98c89,57,8,12,3.91,-10.63,2888.7
87142160b41353c4e5fca2360caf6f92,305,19,23,4.37,-14.31,2884.0
7202e2ba20579a9bd1acb29e61fe71f6,51,3,9,3.94,-11.44,2863.9
dd7ddc04e1b6c2c614352b383efe2d36,121,21,28,3.78,-7.39,2854.58
440dd6ab244315c632130ecfb63827b1,91,12,14,3.89,-10.68,2792.7
adbc26658d6c7b4b6219f9d934598091,88,14,16,4.05,-7.63,2742.7
056b4ada5bbc2c50cc7842547dda6b51,64,7,9,4.16,-11.72,2735.91
ce7d1888639e6fb06b2749cbfdac1ff7,78,7,16,4.11,-12.11,2730.0
a3a38f4affed601eb87a97788c949667,251,12,21,4.4,-14.01,2721.22
70c27847eca8195c983ed7e798c56743,77,9,18,4.2,-11.18,2716.82
0c8380b62e38e8a1e6adbeba7eb9688c,180,11,31,4.07,-11.91,2713.59
1a3df491d1c4f1589fc2b934ada68bf2,160,9,16,4.24,-12.31,2698.3
6fd52c528dcb38be2eea044946b811f8,67,9,28,3.5,-10.49,2696.45
dc317f341ab0e22f39acbd9dbf9b4a1f,55,3,10,4.12,-14.45,2694.2
86ccac0b835037332a596a33b6949ee1,178,6,36,4.03,-14.2,2673.66
ad781527c93d00d89a11eecd9dcad7c1,38,12,13,3.34,-8.31,2649.83
7040e82f899a04d1b434b795a43b4617,208,20,61,3.59,-9.71,2647.2
bfd27a966d91cfaafdb25d076585f0da,114,6,12,4.32,-14.83,2639.0
79ebd9a61bac3eaf882805ed4ecfa12a,133,8,20,4.02,-11.68,2632.5
2089a6d640999f9b9141ac719b2af596,41,6,10,3.93,-10.75,2631.99
41b39e28db005d9731d9d485a83b4c38,187,13,29,4.23,-17.82,2631.4
05f51e13da97139648b8125c31e5f51b,57,9,8,4.25,-9.17,2625.0
cee48807215b30a12ca2ca10ffb5f250,39,6,10,3.7,-12.43,2610.94
1b4c3a6f53068f0b6944d2d005c9fc89,111,7,15,4.15,-12.16,2559.66
0adac9fbd9a2b63cccaac4f8756c1ca8,106,7,14,4.01,-10.61,2559.21
1e8b33f18b4f7598d87f5cbee2282cc2,122,6,19,4.31,-10.26,2545.97
e8b3a3a38279a82f0e5d006d5e5b7d2c,80,4,16,3.94,-18.08,2541.2
ca3bd7cd9f149df75950150d010fe4a2,68,3,27,3.79,-16.2,2529.69
70eea00b476a314817cefde4aad4f89a,106,8,9,4.38,-11.57,2521.4
59fb871bf6f4522a87ba567b42dafecf,123,8,10,4.26,-14.02,2508.8
903037660cf848a717166eb7a06d616e,44,9,12,3.81,-16.29,2487.85
1d8dbc4f32378d715c717c1c1fc57bae,91,9,17,3.93,-11.29,2477.0
ef0ace09169ac090589d85746e3e036f,128,11,13,4.36,-10.99,2458.1
2138ccb85b11a4ec1e37afbd1c8eda1f,388,23,73,3.92,-12.06,2453.94
c003204e1ab016dfa150abc119207b24,195,13,11,4.44,-10.89,2450.1
527801b552d0077ffd170872eb49683b,90,9,7,4.48,-10.68,2395.8
0691148aee60ca47977c187804f935ae,47,2,10,4.0,-12.13,2376.55
1da366cade6d8276e7d8beea7af5d4bf,42,6,8,3.98,-7.86,2371.3
c9c7905cffc4ef9ff9f113554423e671,127,16,15,4.16,-9.32,2338.68
f27e33c6d29b5138fa9967bcd445b6d5,93,10,16,4.09,-9.98,2332.8
54a1852d1b8f10312c55e906355666ee,198,20,16,4.37,-10.18,2318.63
db2956745b3a8e9f3785c99f34b5d25e,45,5,10,3.8,-11.17,2307.0
835f0f7810c76831d6c7d24c7a646d4d,42,15,16,3.31,-4.97,2277.8
701938c450705b8ae65fc923b70f35c7,74,6,20,3.75,-11.05,2273.41
18a349e75d307f4b4cc646a691ed4216,109,7,37,3.52,-14.1,2271.7
0be8ff43f22e456b4e0371b2245e4d01,156,11,32,3.97,-11.11,2269.5
0bf0150d5b9d60d9cd2906003332f085,39,12,14,3.71,-6.53,2261.6
240b9776d844d37535668549a396af32,35,2,3,4.34,-10.56,2257.97
4b9750c8ad28220fe6702d4ecb7c898f,217,17,16,4.35,-8.68,2234.15
d650b663c3b5f6fb392b6326366efa9a,57,4,4,4.37,-10.89,2223.0
9e6229250fedbe05838fef417b74e7fb,73,3,12,3.9,-14.84,2148.7
ed4acab38528488b65a9a9c603ff024a,31,1,8,3.79,-11.91,2136.92
813348c996469b40f2e028d5429d3495,172,9,32,4.01,-10.21,2130.0
5656537e588803a555b8eb41f07a944b,171,14,38,3.82,-11.25,2113.16
3078096983cf766a32a06257648502d1,56,3,7,4.3,-11.65,2109.72
5f2684dab12e59f83bef73ae57724e45,67,4,18,3.75,-10.35,2092.47
c847e075301870dd144a116762eaff9a,41,4,6,4.2,-10.01,2092.2
ce248b21cb2adc36282ede306b7660e5,64,7,8,4.26,-10.09,2088.06
609e1a9a6c2539919b8205cf7c4e6ff0,87,3,32,3.6,-16.48,2083.77
ef506c96320abeedfb894c34db06f478,316,29,56,3.93,-10.52,2076.66
76d64c4aca3a7baf218bf93ef7fa768d,64,2,12,4.13,-14.81,2070.1
8d956fec2e4337affcb520f56fd8cbfd,210,23,23,4.21,-9.96,2061.89
d23019c84ffae2d5ef2270367b8605fc,39,1,2,4.41,-13.66,2056.9
612170e34b97004b3ba37eae81836b4c,107,2,8,4.43,-17.68,2054.8
e5a3438891c0bfdb9394643f95273d8e,216,46,52,3.87,-5.89,2052.2
dd55f1bb788714a40e7954c3be6df745,35,6,7,3.81,-8.83,2035.74
c8b0e2b0a7095e5d8219575d5e7e1181,84,6,13,4.05,-10.11,2031.86
d94a40fd42351c259927028d163af842,100,4,13,4.13,-13.48,2028.3
09f952a5f58d2285b0372551ae8f9b01,50,3,9,3.88,-11.41,2016.19
669ae81880e08f269a64487cfb287169,161,7,27,4.12,-13.64,2015.74
8ae520247981aa06bc94abddf5f46d34,65,1,6,4.45,-15.71,2014.0
e96498ed8daaa3e9c23f7a62da76591c,34,5,7,3.94,-9.55,2012.13
2a261b5b644fa05f4f2700eb93544f2c,51,19,30,3.34,-8.11,2010.0
b18dc380845b24038cfc48006478f099,43,7,4,4.3,-10.3,1992.23
f46490624488d3ff7ce78613913a7711,80,10,25,3.57,-8.45,1979.39
8b28d096634035667e8263d57ba3368c,139,20,26,3.9,-9.59,1972.1
751bdc4d83a466c7206cd42e8f426b03,51,1,20,3.63,-10.9,1969.43
bbad7e518d7af88a0897397ffdca1979,68,19,37,3.05,-6.34,1952.0
ea67327e24487bdfac5fbfa37ea124df,32,1,8,3.56,-14.54,1949.28
3db66a856d18a9cba7c9241fc5221c50,94,11,10,4.17,-11.39,1941.3
b1fc4f64df5a0e8b6913ab38803c57a9,107,14,24,3.78,-9.04,1937.75
7a241947449cc45dbfda4f9d0798d9d0,56,4,14,3.78,-14.62,1935.98
8e8a7ce9f2f970dc00e2acf6f6e199f6,63,7,8,3.98,-10.14,1898.0
2b3e4a2a3ea8e01938cabda2a3e5cc79,52,0,4,4.39,-11.26,1897.94
dd2bdf855a9172734fbc3744021ae9b9,105,6,20,3.82,-22.28,1897.8
f262cbc1c910c83959f849465454ddd3,189,19,31,4.12,-9.2,1848.98
9de4643a8dbde634fe55621059d92273,72,5,5,4.53,-10.92,1843.93
aaed1309374718fdd995ee4c58c9dfcd,104,3,15,4.05,-16.62,1841.7
ef990a83bbea832f36ebe81376335aa8,43,11,11,3.66,-7.81,1823.19
fa40cc5b934574b62717c68f3d678b6d,304,20,28,4.44,-10.7,1816.72
ff1fb4c404b2efe68b03350a8dc24122,46,7,8,4.06,-7.98,1777.0
8e6cc767478edae941d9bd9eb778d77a,100,8,17,4.03,-12.93,1775.09
4e17c65a516f69d023a2ae78b84f28d6,61,8,15,4.08,-20.09,1772.7
36a968b544695394e4e9d7572688598f,148,7,34,3.73,-11.7,1754.28
bd23da7354813347129d751591d1a6e2,86,4,13,4.14,-9.55,1727.6
3c487ae8f8d7542beff5788e2e0aea83,30,1,6,3.91,-10.32,1711.4
602044f2c16190c2c6e45eb35c2e21cb,48,15,25,3.0,-7.11,1710.34
9b013e03b2ab786505a1d3b5c0756754,170,12,36,4.06,-9.41,1705.97
e882b2a25a10b9c057cc49695f222c19,57,0,3,4.6,-18.28,1700.99
81a1104df0f08b59c68aa5b03cfe398e,72,4,5,4.31,-13.04,1699.4
624f4ece8da4aafb77699233d480f8ef,52,4,7,4.19,-10.28,1680.0
05ff92fedb5be47920fea08e501238b9,57,3,3,4.24,-16.68,1663.46
85d9eb9ddc5d00ca9336a2219c97bb13,499,18,48,4.21,-15.05,1656.32
4e7c18b98d84e05cbae3ff0ff03846c2,81,4,16,4.18,-12.38,1650.9
e62b2d6ac10570a035a30bafcf01d263,62,11,13,3.83,-8.48,1646.09
b499c00f28f4b7069ff6550af8c1348a,147,21,19,4.23,-11.39,1644.67
66922902710d126a0e7d26b0e3805106,150,11,9,4.47,-9.55,1607.0
01cf7e3d21494c41fb86034f2e714fa1,59,3,7,4.19,-14.51,1598.86
fcb5ace8bcc92f75707dc0f01a27d269,59,2,10,3.91,-8.53,1598.84
744dac408745240a2c2528fb1b6028f3,78,1,3,4.55,-16.14,1595.0
128639473a139ac0f3e5f5ade55873a5,527,35,60,4.2,-11.55,1575.45
0d85bbda9889ce1f7e63778d24f346eb,51,11,6,4.21,-9.36,1571.5
d13e50eaa47b4cbe9eb81465865d8cfc,66,14,2,4.81,-4.16,1571.22
891071be6ba827b591264c90c2ae8a63,85,15,21,3.87,-10.82,1548.75
b2479f944e1b90cf8a5de1bbfde284d6,101,19,45,3.32,-7.83,1542.51
beadbee30901a7f61d031b6b686095ad,64,16,12,3.94,-8.95,1542.0
2e1c9f22be269ef4643f826c9e650a52,161,11,18,4.24,-9.78,1527.79
b372ee768ed69e46ca8cdbd267aa7a38,63,0,7,4.4,-18.55,1525.0
e24fc9fcd865784fb25705606fe3dfe7,51,4,6,4.18,-12.76,1515.0
6c177e38df6d3f34182b1f1d427231bf,53,2,7,4.15,-14.07,1514.0
4830e40640734fc1c52cd21127c341d4,204,14,24,4.19,-10.47,1512.75
7ea5bfa6c340f58f8e71fc1f0412b0d6,96,7,11,4.14,-9.5,1508.85
01fdefa7697d26ad920e9e0346d4bd1b,128,8,7,4.37,-12.99,1495.18
febab0275244b9a49a623f0bd613ca2f,106,5,15,4.32,-11.07,1495.06
92eb0f42c21942b6552362b9b114707d,334,27,57,3.96,-9.73,1490.63
95e03ca3d4146e4011985981aeb959b9,172,6,29,4.01,-14.52,1486.71
d6b1ce66b035a475f00c017792ff9769,92,8,13,4.17,-11.94,1478.88
48436dade18ac8b2bce089ec2a041202,134,10,18,4.13,-9.39,1461.3
2a1348e9addc1af5aaa619b1a3679d6b,48,15,20,3.04,1.35,1459.2
5a8e7d5003a1f221f9e1d6e411de7c23,137,11,20,4.19,-11.78,1447.5
34056b8b55c1775a22af2331670a799c,77,9,11,4.04,-10.2,1447.4
6edacfd9f9074789dad6d62ba7950b9c,205,12,19,4.39,-11.02,1440.6
cac4c8e7b1ca6252d8f20b2fc1a2e4af,74,20,23,3.55,-4.27,1439.67
7b07b3c7487f0ea825fc6df75abd658b,91,4,10,4.4,-10.35,1438.92
b92e3c8f9738272ff7c59e111e108d7c,62,2,14,4.07,-42.71,1438.6
1c129092bf23f28a5930387c980c0dfc,200,11,27,4.18,-9.56,1437.15
e2aee0892199b1d92530e371abd825bf,36,5,9,3.9,-12.67,1437.09
f80edd2c5aaa505cc4b0a3b219abf4b8,116,8,17,4.14,-11.44,1435.0
1da3aeb70d7989d1e6d9b0e887f97c23,261,16,51,4.07,-10.96,1424.5
8648b1e89e9b349e32d3741b30ec737e,93,10,15,4.13,-11.18,1409.55
4371b634e0efc0e22b09b52907d9d469,101,8,9,4.44,-10.08,1394.0
40d54b51e962dbe09cabbcfd33298dee,30,0,7,3.9,-11.82,1391.5
048c2757535328e0d7dac690ad3c0aae,50,7,7,4.24,-9.29,1371.2
5cf13accae3222c70a9cac40818ae839,148,5,12,4.46,-13.77,1366.5
1f9ab4708f3056ede07124aad39a2554,76,4,6,4.11,-12.82,1364.2
12b9676b00f60f3b700e83af21824c0e,133,3,6,4.53,-20.41,1342.0
2a84855fd20af891be03bc5924d2b453,155,5,13,4.36,-11.8,1321.7
b1a81260566c1bac3114a6d124413f27,51,1,8,4.22,-16.08,1319.1
17ca9b9e9b9ef8fdb529001b49ebb50f,115,3,19,4.04,-13.33,1317.37
72c5da29406b4234927b81855e7b64f6,31,1,4,4.13,-15.89,1308.96
06579cb253ecd5a3a12a9e6eb6bf8f47,61,11,16,3.84,-8.38,1294.9
688756f717c462a206ad854c5027a64a,81,9,18,3.78,-6.97,1292.82
3bb548e3cb7f70f28e3f11ee9dce0e59,46,0,9,3.98,-17.15,1288.84
2c9e548be18521d1c43cde1c582c6de8,124,29,32,3.95,-6.25,1287.7
71039d19d4303bf9054d69e9a9236699,35,10,9,3.68,-6.55,1268.8
066a6914e1ebf3ea95a216c73a986b91,66,3,11,3.97,-16.15,1249.76
5b179e9e8cc7ab6fd113a46ca584da81,34,3,9,3.51,-12.96,1241.1
5b8154610ebb21fb90eb587365e673df,37,6,5,4.17,-8.57,1239.92
3c7c4a49ec3c6550809089c6a2ca9370,139,13,43,3.72,-8.69,1236.53
d921b68bf747894be13a97ae52b0f386,77,1,4,4.56,-15.35,1232.0
63b464dbf392c7b80d12d932fa7cafed,36,2,7,3.76,-14.15,1223.0
58f1a6197ed863543e0136bdedb3fce2,42,1,6,4.12,-14.7,1221.0
b4ffb71f0cb1b1c3d63fad021ecf93e1,143,4,27,4.04,-14.15,1217.72
33a6f4b1e7cdc205511e76ba1b6e0186,105,2,13,4.36,-12.98,1212.92
1127b7f2594683f2510f1c2c834a486b,110,8,20,4.19,-9.96,1209.06
99a54764c341d5dc80b4a8fac4eba3fb,44,15,15,3.51,-9.46,1205.8
2d50d6282f8aa2257819a77bfaa0efe0,42,6,9,3.74,-9.64,1205.79
e26901d5ab434ce92fd9b5c256820a4e,197,5,25,4.14,-12.94,1183.2
d50d79cb34e38265a8649c383dcffd48,70,5,6,4.25,-12.65,1165.92
b14db04aa7881970e83ffa9426897925,78,12,17,3.8,-9.79,1165.0
3be634553519fb6536a03e1358e9fdc7,80,8,17,4.0,-10.12,1158.71
8a32e327fe2c1b3511609d81aaf9f042,126,10,26,3.95,-13.5,1151.67
276677b5d08786d5dce7c2149dcce48b,31,3,11,3.89,-9.5,1150.7
fdb9095204a334cd8872252ffec6f2db,46,3,9,4.13,-11.22,1150.0
8b9d6eec4a7eb7d0f9d579ce0b38324d,48,8,8,4.12,-10.07,1146.8
530ec6109d11eaaf87999465c6afee01,94,1,9,4.32,-16.49,1142.55
b8bc237ba3788b23da09c0f1f3a3288c,45,1,3,4.35,-13.55,1140.98
0df3984f9dfb3d49ac6366acbd3bbb85,86,1,9,4.34,-14.13,1140.2
b4a476fbd28de64b1e347abf9089366a,30,3,6,4.0,-10.69,1132.1
e0a366315b1b726b6c7832d664c0f530,43,2,7,4.33,-10.95,1129.2
3ab971ce71839580d2ae5b4e40fe8044,35,3,7,3.89,-11.42,1127.7
062ce95fa2ad4dfaedfc79260130565f,54,2,7,4.02,-12.88,1121.2
d673a59aac7a70d8b01e6902bf090a11,79,8,12,3.98,-11.47,1120.57
dbb9b48c841a0e39e21f98e1a6b2ec3e,108,5,15,4.2,-11.16,1120.03
dfa0c4c6229ab200a4a1336b4d7128ff,77,3,16,4.01,-14.76,1112.9
8a432f4e5b471f8da497d7dc517666e2,95,7,13,4.2,-11.73,1111.0
9d5a9018aee56acb367ba9c3f05d1d6a,66,1,9,4.44,-13.5,1110.67
6a8b085f816a1f75f92dbac6eb545f8f,125,12,14,4.16,-9.35,1107.8
bd0389da23d89b726abf911cccc54596,87,7,10,4.2,-11.81,1097.89
3df020b72d3d44b3af9d110fa3940b65,55,12,17,3.95,-10.18,1097.8
80e6699fe29150b372a0c8a1ebf7dcc8,96,4,8,4.35,-15.55,1092.49
2a7dc43cecabf23403078e2188437d1d,52,4,6,4.09,-9.54,1078.49
0db783cfcd3b73998abc6e10e59a102f,132,5,17,4.21,-12.42,1074.4
23613d49c3ac2bd302259e55c06c050c,69,11,22,3.69,-10.64,1071.3
6ec1a01e866584bb679eb9b098345919,30,7,4,4.24,-4.35,1063.92
cbd996ad3c1b7dc71fd0e5f5df9087e2,160,16,23,4.13,-10.59,1063.89
e9d99831abad74458942f21e16f33f92,130,15,24,3.91,-9.04,1063.1
ff063b022a9a0aab91bad2c9088760b7,94,3,9,4.28,-11.32,1051.0
ba143b05f0110f0dc71ad71b4466ce92,83,13,7,4.46,-7.77,1046.26
66dc1b1632bd6a3e508510c5b3492107,36,1,12,3.49,-13.67,1045.3
11bfa66332777660bd0640ee84d47006,76,18,28,3.78,-8.15,1045.23
3f3486b61f45078d4f31ee5e43d8c5bb,39,6,3,4.33,-9.6,1024.66
6b243f80ed07b10f0e8aa0f21a205f3c,79,3,15,4.02,-13.72,1023.4
45ba18c210d42734ec52c0c1c574e9ee,35,2,6,4.05,-11.79,1019.65
058fd0aa2bfdb2274e05e1ae971dabb6,60,5,6,4.38,-11.07,1014.5
08633c14ef2db992c11f840f04fad4cd,74,6,11,4.24,-11.13,1014.5
81f89e42267213cb94da7ddc301651da,46,0,13,3.54,-9.05,1014.0
ececbfcff9804a2d6b40f589df8eef2b,97,10,14,4.13,-11.15,1013.48
6f892e20a171e98efe17fdb971ff319b,41,4,9,3.9,-9.43,1012.8
9674754b5a0cb32b638cec001178f799,84,3,17,4.08,-10.38,1011.21
31344c16881c08a8a72c6d2eb29918c1,42,2,4,4.43,-9.64,1009.5
95f83f51203c626648c875dd41874c7f,50,3,29,3.22,-13.55,1008.53
259f7b5e6e482c230e5bfaa670b6bb8f,136,3,21,4.27,-13.07,1006.75
32b8764b4ef628b53608fc34011fcc13,36,3,2,4.24,-14.03,997.0
070d165398b553f3b4b851c216b8a358,31,5,11,3.54,-8.43,995.79
93dc87703c046b603023e75222018b45,33,3,3,4.16,-10.56,993.85
05d2173d43ea568aa0540eba70d2ca76,62,4,11,4.0,-10.89,990.18
d20b021d3efdf267a402c402a48ea64b,86,18,23,3.71,-5.24,988.52
3340ef1913fb70d28420f6ceb685c339,32,4,3,4.33,-10.6,968.58
d5ba419e26d246a0719437cf37d9b46d,33,4,6,3.91,-8.41,967.7
aafe36600ce604f205b86b5084d3d767,129,6,13,4.38,-12.46,965.6
d3f39f05462b79a4562d35893a28f159,33,5,15,3.32,-11.6,964.5
d9bd94811c3338dceb4181f3dbc0c73e,54,7,2,4.82,-7.85,963.16
dfc5fb7259bb2b599ca565e6e9448f0f,33,2,3,4.12,-11.52,959.96
282f23a9769b2690c5dda22e316f9941,98,5,4,4.33,-11.39,959.13
0ea22c1cfbdc755f86b9b54b39c16043,234,4,20,4.35,-16.17,942.7
c66dccfb3f109511246da627dd5a2498,44,2,3,4.57,-14.31,937.9
7d456afc660226829370f3173d14520c,55,5,9,4.27,-11.81,933.0
b17b679f4f5ce2e03ce6968c62648246,50,9,9,3.92,-10.77,930.25
6b3bd31ad8fcda4b2635ec9f3ff2ecdf,35,4,9,3.93,-9.2,925.9
834f8533b2ecb6598dd004ff3de7203a,41,8,9,3.88,-7.74,924.64
37515688008a7a40ac93e3b2e4ab203f,227,24,25,4.09,-7.35,921.5
b39d7fe263ef469605dbb32608aee0af,43,2,8,3.79,-15.62,919.6
f84a00e60c73a49e7e851c9bdca3a5bb,88,10,24,3.72,-10.08,917.4
0ef83d7d83ed97cd2a0049ac8be5f88a,48,1,9,4.25,-13.2,907.13
25e6ffe976bd75618accfe16cefcbd0d,106,6,10,4.42,-13.86,904.01
b90e891671cffd9557f33a97dc523645,34,0,6,4.13,-15.62,900.0
26d8a1c7c75d513045798992ead43aa2,34,3,4,4.33,-11.79,899.68
98dac6635aee4995d501a3972e047414,89,9,47,3.89,-11.01,895.88
5c6d4016c2a288f074fa0848a2b653d2,31,3,4,4.21,-9.48,894.8
0cbcee27c791afa0cdcb08587a2013a8,37,4,5,4.0,-14.28,893.15
94144541854e298c2d976cb893b81343,68,3,9,4.29,-14.4,893.0
bba74270a87732727b5a3b4fd9ac1c39,35,0,9,3.88,-15.45,889.91
3c03b12bab54d8b37d79d914bfdb1aa0,37,7,8,3.88,-8.12,880.36
1336efc61c316ddf92c899eb817f7cae,74,8,14,3.94,-10.51,879.97
640e21a7d01df7614a3b4923e990d40c,115,9,11,4.29,-9.58,876.19
99002261c568a84cce14d43fcffb43ea,36,3,6,3.72,-11.5,870.0
42bde9fef835393bb8a8849cb6b7f245,34,1,3,4.28,-13.5,866.0
f3da5b2ff499efb8d4a6d371d175d7dd,77,11,14,3.9,-7.5,863.63
562fc2f2c2863ab7e79a9e4388a58a14,255,9,25,4.25,-12.5,856.71
a420f60ff1aa9acc80d0e42959f2b313,67,6,11,3.93,-12.12,850.3
83deb69e889cf80f82be1dc6d5f2d486,40,2,6,4.36,-11.22,842.8
d1b65fc7debc3361ea86b5f14c68d2e2,39,2,1,4.65,-15.32,839.79
7e3f87d16fb353f408d467e74fbd8014,91,11,10,4.16,-9.77,839.08
ebd2d60905fb58271facef5596b620d3,82,3,8,4.24,-10.58,830.48
7d76b645482be4a332374e8223836592,172,20,27,3.97,-8.59,830.07
8bb48dc19fccaa8613b6229bf7f452a2,82,2,10,4.34,-12.76,825.53
f3b80352b986ab4d1057a4b724be19d0,86,0,10,4.16,-12.26,815.7
1ce3ae5a399804d1a87e706f8a813c3e,40,4,10,3.73,-15.57,815.2
951e8cef368f09bb3f3d03c00ca4702c,62,6,8,4.16,-10.12,806.88
5d0363b33554b373851fc1622e4d5f3c,93,8,11,4.09,-8.23,804.9
d98eec89afa3380e14463da2aabaea72,168,4,17,4.29,-17.99,804.82
7722b1df1b0e383e000397b2c11e3e19,133,4,16,4.22,-11.54,799.12
50c9975695009e5e6473912e83a6d1da,50,7,11,3.99,-8.05,796.5
b561927807645834b59ef0d16ba55a24,85,14,9,4.34,-8.06,795.8
11305281b50fff20ae8bb473f8e11876,35,5,3,4.35,-12.04,794.76
ad420dd0c4f92f8af951ac24b86d0cf5,42,3,6,4.16,-10.93,792.98
23c38debaffe4a25a30fdbd9b586a13f,41,7,1,4.3,-9.71,787.38
ce27a3cc3c8cc1ea79d11e561e9bebb6,122,3,17,4.12,-12.75,784.69
ede0c03645598cdfc63ca8237acbe73d,43,16,12,3.67,-3.48,781.76
f84fa566034f5e8e880a07ec624c56af,89,12,11,4.31,-7.56,781.69
cc63f0dd2acba93ffed4fe9f8e0321fa,55,0,6,4.05,-11.6,779.48
6860153b69cc696d5dcfe1cdaaafcf62,74,7,12,4.16,-8.88,778.06
0432ead42b6c8a0bdf68154add917fdf,82,3,6,4.55,-12.77,775.3
aced59e9b31ef866a94f9e7f29d8d418,61,5,4,4.43,-10.57,774.8
289cdb325fb7e7f891c38608bf9e0962,109,2,6,4.59,-9.87,761.0
aae3bfea055532c57fb453ed3ec80b30,48,0,11,3.55,-13.49,760.25
ac3508719a1d8f5b7614b798f70af136,101,3,3,4.64,-17.37,760.1
7dc8c42cc750eeafea6c85712ffee9bf,41,2,6,4.26,-12.7,747.96
6fc26fe110feebd80a433e1f012a84f9,35,5,9,4.01,-13.93,745.99
4c03b9dd4c11ee2cb35c96c49efc9420,48,1,7,4.11,-13.48,743.4
cab85505710c7cb9b720bceb52b01cee,201,5,13,4.34,-15.13,738.6
aac29b1b99776be73c3049939652091d,94,12,19,4.01,-11.16,732.47
e8f6dc8e6a1dcde89d20e3995c8d90b3,35,3,12,3.57,-19.7,731.7
d93919c944be9cff128f6c9cb899eacb,33,6,6,4.0,-7.34,729.2
fa1a9dec3a9940c072684a46728bf1fc,55,0,10,3.98,-14.33,724.0
e067ad2c1c0b48758eb1b5228bcf7a68,54,5,7,4.13,-9.88,721.25
afe0067131b73e40875c9b6c10bd2e21,45,2,4,4.27,-10.7,704.4
4559697a8f7e637227c2eeaed843baff,39,3,5,4.22,-11.68,699.5
827f8f69dfa529c561901c4f2e0f332f,91,10,13,4.25,-10.25,692.69
6cd68b3ed6d59aaa9fece558ad360c0a,149,3,6,4.45,-13.64,682.8
f00e21b1e91a79653163b7fd8f293ff1,31,1,4,4.1,-15.52,677.5
6c7d50c24b3ccd2fd83b44d8bb34e073,112,2,7,4.44,-11.19,676.09
56642bcb79900e777d68e91915cb4267,48,9,12,3.77,-10.29,669.92
dc8798cbf453b7e0f98745e396cc5616,35,3,13,3.49,-8.76,668.4
f7ccf836d21b2fb1de37564105216cc1,69,7,14,3.86,-8.33,658.7
0bae85eb84b9fb3bd773911e89288d54,136,1,11,4.23,-14.55,658.59
318f287a62ab7ac10b703ac37435a231,51,7,12,3.92,-8.81,649.0
b2ac621f0d0322434d04a12b078b9369,30,3,2,4.4,-10.95,642.9
cd06602b43d8800bd0afad514919d35c,43,2,13,3.73,-11.04,634.89
4c498c7345e89aebad651544829beca0,47,6,4,4.28,-8.48,634.3
30a2f535bb48308f991d0b9ad4a8c4bb,71,3,12,4.26,-12.2,633.8
0c7533c71df861ec58ad7ff999ed0e8d,61,3,13,4.04,-9.05,628.3
3fd1e727ba94cfe122d165e176ce7967,35,7,6,3.97,-8.11,624.1
c8467937e403e76a8ee9f0ab13f6f5ef,30,4,4,4.13,-8.79,622.3
6d803cb79cc31c41c4c789a75933b3c7,58,4,5,4.28,-13.55,619.7
1bb2bdb95f4841f1bba2c0d2cd83d3c9,79,6,4,4.58,-12.67,617.67
f0b47fbbc6dee9aafe415a6e33051b3f,67,8,11,4.26,-12.01,612.0
382229d1e840115ffe3dbf5ff460e417,45,5,5,4.31,-9.67,608.18
65febd49fd28ec955651299159b1f527,33,2,5,4.34,-12.79,597.94
02f623a8eb246f3c5f7c2f96462654e6,44,4,2,4.56,-9.97,596.0
4917cee8d902e13428c3ec4b1ca6f315,31,1,4,4.16,-9.28,592.0
516e7738bd8f735ac19a010ee5450d8d,74,4,3,4.61,-17.87,590.7
582d4f8675b945722eda7c0cb61ba4c7,59,1,9,4.11,-13.34,590.32
537eb890efff034a88679788b647c564,158,10,17,4.18,-11.73,589.8
5d3bb11474a06bdc23fb9e89f1164ee0,31,1,5,3.94,-12.8,577.0
9d4db00d65d7760644ac0c14edb5fd86,97,4,4,4.54,-11.0,574.58
14d7985702e72162bbf13b6beb74ab2b,37,5,3,4.34,-7.98,572.0
2dee2ce60de9709b1a24083217181a1f,54,2,4,4.36,-16.38,572.0
6a0cbc8af2e8abd1bdfb777943d174c6,34,3,4,4.03,-8.18,571.9
4c18691b6037662be2df78a765d98ab5,63,5,12,3.84,-10.75,571.1
e333046ce6517bd8bb510291d44f0130,68,4,6,4.39,-12.87,571.0
0176f73cc1195f367f7b32db1e5b3aa8,37,4,7,4.05,-8.08,570.3
cb8bcce248bb1fb274ba762d8b971456,66,1,3,4.34,-11.31,569.6
b6d44737c043328708f6749c2dbe50bd,61,4,5,4.57,-13.66,566.8
381c83fdca332ea6afd896da20bf6e4a,46,2,4,4.39,-15.1,563.0
1838dd9b8977065acf51d95e0053ea7a,62,3,8,4.34,-10.37,557.9
bacb1f0ed56ad24198f5810d2b3fe9a5,38,1,3,4.32,-12.7,549.7
c6bda72e4dbf5c5866b13cb1810c6d03,59,2,5,4.38,-11.6,549.5
3c4e0452bff7a2a788179488d3d77032,32,1,8,3.74,-14.93,549.2
d12c926d74ceff0a90a21184466ce161,76,1,14,4.11,-13.68,546.4
5b925e1d006e9476d738aa200751b73b,63,4,3,4.61,-10.32,545.0
a17f621c590ea0fab3d5d883e1630ec6,63,5,11,4.18,-9.84,544.28
fad44952713764836814be105382aee5,32,1,2,4.28,-11.18,540.0
45d33f715e24d15a6ccf5c17b3a23e3c,56,4,6,4.17,-11.3,539.89
c864036feaab8c1659f65ea4faebe1da,58,2,3,4.57,-12.65,539.7
9616352088dcf83a7c06637f4ebf1c80,91,0,9,4.28,-14.66,539.1
a6fe7de3d16f6149ffe280349a8535a0,50,8,8,4.06,-8.78,539.0
2a5b78b41cd05baeac8df54c6606b92c,46,1,4,4.3,-17.95,534.14
8c16d1f32a54d92897cc437244442e1b,108,2,9,4.33,-14.2,532.39
0ffa40d54288e4f3499b8780dd0f144f,33,5,4,4.4,-11.45,531.9
822166ed1e47908f7cfb49946d03c726,69,1,21,3.94,-12.0,525.75
3f995f07c49d0d55a99d5c54957f7d81,43,1,4,4.21,-11.41,525.0
f181738b150df1f37cb0bd72e705b193,36,4,2,4.49,-9.3,523.8
fd386aa7bed2af3c7035c65506c9b4a3,69,8,11,4.36,-8.94,522.11
f4aba7c0bca51484c30ab7bdc34bcdd1,108,8,20,3.9,-15.0,521.77
e8b4225284fbb02d16f200513f1f395d,30,3,1,4.3,-13.08,521.29
f789d2c4f2c2eb38fc4373e7a4b35264,44,2,7,4.18,-14.19,519.93
1eade46fba20122dc4aefb379f8c636b,58,10,7,4.31,-6.89,516.81
ec8879960bd2221d5c32f8e12f7da711,35,6,4,4.29,-7.95,516.4
a2e874074c877c5a05abae80ad6e488f,40,2,4,4.19,-15.21,510.84
c9aafcd0621b2207c10e32c649cada4d,40,4,4,4.34,-10.56,504.86
33ac3e28642ab8bda860a2f693000e78,34,0,4,4.23,-12.34,504.69
3bdff180c7e1f6551a643b99c265a120,56,4,6,4.18,-11.71,504.0
7008613ea464bad5cb9b83456e1e6a8f,123,6,11,4.29,-13.49,501.2
670c26e0f1bf8d0576271d5cfaec6d2b,77,4,6,4.35,-13.01,499.9
3d8fa2f5b647373c8620330c4e077a9f,42,1,7,4.11,-12.34,495.94
b56906f7fd1696e043f1bcce164c487b,40,2,9,3.95,-13.88,493.78
db4350fd57ae30082dec7acbaacc17f9,136,6,18,4.15,-14.87,483.55
080199a181c46c657dc5aa235411be3b,79,2,1,4.61,-8.93,479.47
8a130737016f838139d31878787a39c9,56,4,5,4.35,-10.0,476.3
6b90f847357d8981edd79a1eb1bf0acb,45,2,3,4.38,-8.25,475.19
406822777a0b9eb5c50e442dd4cd3ec5,44,6,4,4.36,-9.84,459.3
dd533b429f380718b70ad9922c294bae,39,5,6,3.86,-8.59,459.2
fc906263ca5083d09dce42fe02247800,112,0,12,4.38,-14.13,458.8
715bbd5ba4e6b74cb0d2f29eb45058b0,62,5,4,4.47,-12.85,457.8
d566c37fa119d5e66c4e9052e83ee4ea,65,3,2,4.72,-9.76,457.5
2745f798279e0ed033addcc1474776d7,32,3,4,3.97,-9.98,451.16
96804ea39d96eb908e7c3afdb671bb9e,37,1,7,3.97,-12.56,450.55
55a5b51f93f2b70ea513f5a047b0262a,39,3,2,4.49,-11.76,446.35
520b493b57809f446cb0a233bb3e25c7,63,2,6,4.38,-11.26,436.5
cb3dd9ce66268c7a3ca7241ac70ab58c,48,3,6,4.25,-13.69,431.57
4992e76a42cb3aad7a7047e0d3d7e729,56,5,12,3.88,-9.83,429.1
bf84056e679dbe9c69929847a40e338f,35,3,7,3.76,-5.74,427.62
080102cd0a76b09e0dcf55fcacc60e05,122,5,5,4.53,-11.13,411.99
b74d1c09cb380e1d03a6f859c6f4224b,30,6,5,4.24,-11.14,409.91
750303a20e9c56b2a6bc45cdce0b897d,53,2,5,4.34,-11.76,409.6
994f04b3718c2bab35c2adfa8afecd2a,47,4,2,4.33,-7.81,409.4
0ed6ce5d87fd9c69eaacaeb778d67235,42,6,2,4.39,-12.08,408.48
b76dba6c951ab00dc4edf0a1aa88037e,157,5,18,4.19,-16.15,397.67
acce39e832338debb07b02385cde5967,44,0,3,4.48,-9.63,389.7
d57e18d5f73c7ccb7f7339b61166898d,61,2,5,4.44,-10.78,389.3
1b8356dabde1d35e17cef975c3f82730,55,1,6,4.13,-13.62,387.93
dee656f0f566ed1aa85bd137c943f08f,92,5,7,4.38,-13.46,387.46
42b729f859728f5079499127a9c2ef37,103,13,12,4.36,-6.55,382.09
a5cba26a62b8b4d0145b68b841e62e7f,53,1,2,4.57,-14.08,378.0
8f119a0aee85c0c8fc534629734e94fd,75,5,7,4.25,-10.1,372.25
34d1ca11b242c0fee2c834ae8d788566,40,0,2,4.3,-13.36,371.62
cd6efc47efaabf134f8bdb654e10b4f1,31,3,2,4.5,-13.35,369.99
432c37c9dfba871172ec162e20118b8c,44,8,6,4.29,-10.64,368.0
c013e57c075a06e5b5c48ee03c525719,42,4,4,4.16,-10.87,356.93
abcd2cb37d46c2c8fb1bf071c859fc5b,44,2,1,4.31,-16.01,356.7
709e16e2b25c7474d980076c6bfc4806,60,2,1,4.53,-12.56,340.7
bd4889b5e9133b35b66e42a8665cea5c,36,0,3,4.46,-13.53,338.3
cc5a78bbad32776dc4e3af205218368c,33,1,3,4.47,-15.91,338.06
5f1dc28029d2c244352a68107ec2b542,62,6,6,4.43,-15.26,317.2
2ff97219cb8622eaf3cd89b7d9c09824,87,6,3,4.55,-8.65,312.6
870d0118f7a9d85960f29ad89d5d989a,45,3,5,4.06,-9.26,310.58
232a6014e7b10cba61c6c2b2ea6bb4b0,32,2,5,4.09,-13.65,310.48
6481e96574816ead57975da2c0f6d80d,32,1,4,4.14,-10.57,305.0
643214e62b870443ccbe55ab29a4dccf,65,9,3,4.41,-10.01,304.5
fde0cc9ea29c8ccfc0a2c22256a58c71,35,1,3,4.49,-15.69,303.0
43f8c9950d11ecd03a0304a49e010da6,41,3,1,4.56,-11.51,301.97
2a6fbeaa7ab9e5d59a35841a8da71ce4,30,2,5,3.93,-12.08,300.8
5160d23075764e18e07c1f4a87fad743,33,1,3,4.45,-8.7,300.0
c8b3445d737de6befde0c88ede534a5e,30,1,7,3.97,-9.86,299.93
8cbac7e12637ed9cffa18c7875207478,66,4,8,4.19,-13.37,297.5
9add47bf45ce8e8c7db6b9cf670b1e09,41,1,3,4.26,-12.91,289.0
c68fb906c8f4b4b946d8386bfa6e5467,45,1,3,4.51,-12.16,284.41
f214d28e8d8e3ef068748498ccc2f813,52,4,8,4.13,-12.38,281.9
f680f85bee2d253556ac91be391d2c82,45,1,5,4.3,-12.06,280.87
20d83f3ef0e6925fd74bfd59170babf7,40,2,4,4.35,-10.89,279.5
33576ec5412fb5905d876f12f33bfde6,31,1,3,4.12,-16.26,267.0
9baf5cb77970f539089d09a38bcec5c3,31,0,2,4.44,-17.32,261.98
f67efa3f0b6761102a7f8c6b7b571f5d,31,0,2,4.44,-17.58,259.98
78c99c6dff4eeae5be99bf635ed21e3f,31,5,4,4.33,-9.66,259.6
e38db885400cd35c71dfd162f2c1dbcf,30,4,2,4.5,-11.85,259.6
5cbbd5a299cab112b7bf23862255e43e,36,0,4,4.32,-12.67,253.87
b335c59ab742f751a85db9c411a86739,30,2,3,3.94,-10.41,251.03
9646c3513289980f17226a2fc4720dbd,69,6,8,4.34,-12.23,247.8
dbd66278cbfe1aa1000f90a217ca4695,85,6,3,4.45,-11.85,244.2
25cf099de44674fde97473224f9d59ab,50,2,5,4.33,-12.23,241.0
8bd0f31cf0a614c658f6763bd02dea69,33,1,3,4.21,-12.29,239.98
974cf2cb8f4b7add98709c30df02fe10,30,1,3,4.17,-13.06,239.97
002100f778ceb8431b7a1020ff7ab48f,50,9,7,4.04,-7.43,235.8
83e197e95a1bbabc8c75e883ed016c47,46,1,1,4.74,-13.21,229.4
91f848e9f4be368f4318775aac733370,60,2,3,4.38,-10.82,219.79
1d4587203296c8f4ad134dc286fa6db0,40,2,4,4.37,-10.58,214.5
729b2d09b2a0bdab221076327f13d050,48,4,3,4.58,-12.31,213.34
20cb7c2fde3e5bf10f0bbe7394e1c6a9,31,5,9,3.9,-12.17,202.8
376a891762bbdecbc02b4b6adec3fdda,57,2,1,4.67,-14.56,200.9
d66c305afaec317ebee552073a674429,38,1,2,4.53,-19.0,195.98
0509040ea3fe50071181bbc359eb7738,87,6,1,4.49,-10.06,195.9
cce6ab8d1682639fe45ab70234f1665f,61,3,3,4.53,-13.11,194.9
bf3c6d2a28b2b5501e6c15448982dcc9,35,1,3,4.42,-11.27,183.6
4e06067cc08b3f41d837768d392c3ee3,31,2,9,4.17,-13.78,180.94
daeb5653dd96c1b11860f72209795012,38,4,5,4.22,-9.93,180.3
b410bdd36d5db7a65dcd42b7ead933b8,42,1,0,4.81,-14.68,179.0
33a17d60c64393351ebf1ef860f4e0f2,43,1,1,4.62,-15.39,169.97
d9a84e1403de8da0c3aa531d6d108ba6,53,3,3,4.62,-9.24,167.4
4da0e408c99d2fdc2126dc9fce518060,44,0,4,4.5,-23.11,166.7
efcd8d2104f1a05d028af7bad20d974b,46,1,4,4.21,-13.76,164.98
594f9aaa48e5bf431f011ddc5669b0d5,37,1,1,4.58,-13.34,164.8
57e632711dec9ec14ca7546769483e7e,62,0,3,4.42,-16.19,164.69
e49c26c3edfa46d227d5121a6b6e4d37,34,0,2,4.51,-18.86,161.14
725c32fa80c2faacc4fc88450d27314e,89,1,2,4.54,-11.54,154.77
e63e8bfa530fb16910dd6956e592bb81,41,2,4,4.35,-13.15,152.5
bccf933e006e9b94a6184af782963e77,45,1,3,4.53,-12.55,151.77
31561f325664a8a7aba4c8d0c3a9b3db,36,1,2,4.58,-8.95,149.7
138dbe45fc62f1e244378131a6801526,49,2,10,3.98,-9.27,149.0
7f7b8245c336066a1f9933c359f11d77,38,1,3,4.56,-12.36,139.88
0ebd97a106433a45a4aebe57c1799778,31,0,2,4.5,-16.46,139.8
02f5837340d7eb4f653d676c7256523a,30,1,1,4.83,-16.66,125.99
3504c0cb71d7fa48d967e0e4c94d59d9,53,0,2,4.42,-10.04,122.7
01fd077212124329bac32490e8ef80d9,31,1,5,4.31,-11.21,122.0
a3dd39f583bc80bd8c5901c95878921e,34,1,1,4.61,-11.12,119.9
5a93f3ab0ef4c84ed5e1b5dbf23978bc,38,1,1,4.81,-18.35,116.91
f7720c4fa8e3aba4546301ab80ea1f1b,59,3,4,4.23,-14.01,111.5
9b00ed88b7fdb95d6ff76e27c1b52d16,46,3,3,4.58,-9.73,102.2
1caf283236cd69af44cbc09a0a1e7d32,33,4,3,4.54,-10.68,97.87
3586b8580d9c917874e053a1bb37b5ff,36,2,3,4.44,-16.31,96.7
6338ea67c41078a46ad99cc009654956,37,0,2,4.61,-15.07,95.89
116ccb1a1604bc88e4d234a8c23f33de,61,4,3,4.6,-10.07,92.1
5f3ae9136c875522250f8184f253413a,42,3,1,4.58,-11.42,84.2
113e3a788b935f48aad63e1c41dac1bd,39,2,2,4.4,-14.96,74.27
325f3178fb58e2a9778334621eecdbf9,36,0,4,4.46,-11.37,62.5
b1ac6ea7895bc3dd6f0f6f4abbdd2821,38,0,1,4.53,-16.12,59.0
75fbb52eda0cbc24f479d3b2fbfa8d3e,38,2,3,4.49,-13.4,56.7
718539d38d07dd351c76db862760e2e2,35,0,4,4.49,-13.4,55.96
6df688df543f90e9b38f4319e75a9d88,39,0,2,4.51,-14.65,25.76
18e694e0e48ed6f7aa3f24aade5fd697,31,1,0,4.68,-12.71,23.9
